Spotify ID,Artist IDs,Track Name,Album Name,Artist Name(s),Release Date,Duration (ms),Popularity,Added By,Added At,Genres,Danceability,Energy,Key,Loudness,Mode,Speechiness,Acousticness,Instrumentalness,Liveness,Valence,Tempo,Time Signature
7vGuf3Y35N4wmASOKLUVVU,"64KEffDW9EtZ1y2vBYgq8T,6LuN9FCkKOj5PcnpouEgny","Silence","Silence","Marshmello,Khalid",2017-08-11,180822,84,spotify:user:222b6a7rurhvs6p4ficngkzzy,2017-11-13T03:54:16Z,"brostep,edm,pop,progressive electro house,pop r&b",0.52,0.761,4,-3.093,1,0.0853,0.256,0.00000496,0.17,0.286,141.971,4
7Lgpic8BsBJR4jFrr9abbz,"3t5xRXzsuZmMDkQzgOX35S,5PlfkPxwCpRRWQJBxCa0By","I Believe I'm Fine","I Believe I'm Fine","Robin Schulz,HUGEL",2017-09-08,227720,39,spotify:user:222b6a7rurhvs6p4ficngkzzy,2017-11-13T03:56:45Z,"deep euro house,deep house,edm,german dance,pop dance,tropical house",0.711,0.747,10,-6.165,0,0.061,0.271,0,0.328,0.572,100.01,4
4q8PHoRsPUB52LFylX8Ulz,"2XnBwblw31dfGnspMIwgWz","More Than You Know","More Than You Know","Axwell /\ Ingrosso",2017-05-24,203000,12,spotify:user:222b6a7rurhvs6p4ficngkzzy,2017-11-13T03:57:46Z,"edm,pop dance",0.645,0.741,5,-4.989,0,0.0339,0.0323,0,0.29,0.534,123.07,4
1Sl3njkhhz8nrSPZroDQ82,"73jBynjsVtofjRpdpRAJGk,1Cs0zKBU1kc0i8ypK3B9ai,2HkAI0YrEcgoR8QdaURqhO,4u5smJBskI6Adzv08PuiUP","Complicated (feat. Kiiara)","Complicated (feat. Kiiara)","Dimitri Vegas & Like Mike,David Guetta,Dimitri Vegas,Kiiara",2017-07-28,184247,58,spotify:user:222b6a7rurhvs6p4ficngkzzy,2017-11-13T03:59:09Z,"belgian dance,belgian edm,big room,dutch house,edm,electro house,pop dance,progressive electro house,dance pop,pop,alt z,electropop",0.678,0.819,8,-3.306,1,0.0313,0.191,0,0.159,0.499,90.004,4
7hh6RptL6IWlo9RFHY67jL,"5YFS41yoX0YuFY39fq21oN,0z4gvV4rjIZ9wHck67ucSV","Til The Sun Rise Up","Til The Sun Rise Up","Bob Sinclar,Akon",2017-09-08,190952,0,spotify:user:222b6a7rurhvs6p4ficngkzzy,2017-11-13T04:35:57Z,"disco house,filter house,dance pop",0.673,0.751,6,-6.92,0,0.0394,0.093,0,0.137,0.615,125.988,4
40AYRnDKhhrH4JZO4KS9Dj,"6hyMWrxGBsOx6sWcVj1DqP,1tBU8jUEdVR3mqSsAqEGfD,2auikkNYqigWStoHWK1Grq","Reload - Vocal Version / Radio Edit","Reload (Vocal Version / Radio Edit)","Sebastian Ingrosso,Tommy Trash,John Martin",2013-01-01,221272,13,spotify:user:222b6a7rurhvs6p4ficngkzzy,2017-11-13T04:36:06Z,"dutch house,edm,electro house,pop dance,progressive electro house,progressive house,aussietronica,australian dance,complextro,melbourne bounce,pop edm",0.485,0.736,4,-4.617,0,0.0515,0.0731,0,0.061,0.434,128.053,4
6WbADFqMvR8N5u0BvtsWQE,"1vCWHaC5f2uS3yhpwWbIA6,5JYo7gm2dkyLLlWHjxS7Dy","Without You (feat. Sandro Cavazza)","AVĪCI (01)","Avicii,Sandro Cavazza",2017-08-10,181672,0,spotify:user:222b6a7rurhvs6p4ficngkzzy,2017-11-13T04:37:52Z,"dance pop,edm,pop,pop dance,swedish pop",0.652,0.855,2,-4.832,1,0.0441,0.00179,0,0.0404,0.279,134.009,4
78W8wiUIlQ2SnWY9TVowKZ,"5fahUm8t5c0GIdeTq0ZaG8,1vCWHaC5f2uS3yhpwWbIA6","Back Where I Belong (feat. Avicii)","Back Where I Belong (feat. Avicii)","Otto Knows,Avicii",2016-06-03,174202,55,spotify:user:222b6a7rurhvs6p4ficngkzzy,2017-11-13T04:42:53Z,"dutch house,edm,electro house,pop dance,progressive electro house,dance pop,pop",0.497,0.865,0,-3.19,1,0.0644,0.0306,0.0679,0.443,0.595,125.96,4
1bQiI5Vv6h8E8tM4qgxvcy,"4D75GcNG95ebPtNvoNVXhz,0FOWNUFHPnMy0vOw1siGqi,1Zatb2YN4erBOoSivOXc0o,4G3F5gyvVJPwtSLgObGqTl","No Tomorrow","No Tomorrow","AFROJACK,Belly,O.T. Genasis,Ricky Breaker",2017-09-08,184018,0,spotify:user:222b6a7rurhvs6p4ficngkzzy,2017-11-13T04:44:29Z,"big room,dance pop,dutch house,edm,electro house,pop dance,canadian hip hop,canadian trap,southern hip hop,trap",0.583,0.855,10,-4.113,0,0.0883,0.134,0,0.0737,0.726,159.937,4
3kGfazcbVvVkuZunzlLgTD,"1IueXOQyABrMOprrzwQJWN,66TrUkUZ3RM29dqeDQRgyA","Came Here for Love","Came Here for Love","Sigala,Ella Eyre",2017-06-09,202999,63,spotify:user:222b6a7rurhvs6p4ficngkzzy,2017-11-13T04:48:14Z,"dance pop,edm,pop dance,uk dance,uk pop,talent show",0.708,0.868,6,-3.287,1,0.0431,0.0313,0,0.122,0.72,124.994,4
4xlrALxuaCf9yZBHJeTSG6,"1HBjj22wzbscIZ9sEb5dyf,5exS0bytCYdixgv02DaCm3","Mama","Mama","Jonas Blue,William Singe",2017-05-05,184133,1,spotify:user:222b6a7rurhvs6p4ficngkzzy,2017-11-13T04:48:54Z,"pop,pop dance,tropical house,uk dance,pop r&b",0.741,0.79,11,-4.086,0,0.0469,0.113,0,0.0542,0.528,104.043,4
1Cwl11pAuDjkqPXydCRata,"3JxNeLgMuJI0DEmDt9dLzc,14SHTcuQj0D9MK9klr1Sxj","Give Me Love","Give Me Love","Remady,Manu-L",2017-05-26,182000,33,spotify:user:222b6a7rurhvs6p4ficngkzzy,2017-11-13T04:53:03Z,"pop house,slap house",0.6,0.868,10,-3.605,1,0.0298,0.0506,0,0.243,0.322,104.974,4
1louJpMmzEicAn7lzDalPW,"7DMveApC7UnC2NPfPvlHSU,6S2OmqARrzebs0tKUEyXyp","No Promises (feat. Demi Lovato)","No Promises (feat. Demi Lovato)","Cheat Codes,Demi Lovato",2017-03-31,223503,68,spotify:user:222b6a7rurhvs6p4ficngkzzy,2017-11-13T04:56:44Z,"edm,pop,pop dance,post-teen pop",0.741,0.667,10,-5.445,1,0.134,0.0575,0,0.106,0.595,112.956,4
3A7qX2QjDlPnazUsRk5y0M,"1Cs0zKBU1kc0i8ypK3B9ai,1uNFoZAHBGtllmzznpCI3s","2U (feat. Justin Bieber)","2U (feat. Justin Bieber)","David Guetta,Justin Bieber",2017-06-09,194896,69,spotify:user:222b6a7rurhvs6p4ficngkzzy,2017-11-13T04:59:38Z,"big room,dance pop,edm,pop,pop dance,canadian pop",0.548,0.65,8,-5.827,0,0.0591,0.219,0,0.225,0.557,144.937,4
7aF09WaavZAmAWuUeYxlYD,"5Pwc4xIPtQLFEnJriah9YJ,5iNrZmtVMtYev5M9yoWpEq","Rich Love (with Seeb)","Rich Love","OneRepublic,Seeb",2017-07-14,201256,0,spotify:user:222b6a7rurhvs6p4ficngkzzy,2017-11-13T05:00:01Z,"piano rock,pop,pop dance",0.593,0.868,1,-3.573,0,0.295,0.183,0,0.365,0.496,104.988,4
75ra3OaEizjRNLMHJMbjkg,"20gsENnposVs2I4rQ5kvrf,0UN8vGMxWEBKNNu8NtyF96,2w9zwq3AktTeYYMuhMjju8","Fade Away","Sunrise","Sam Feldt,Lush & Simon,INNA",2017-10-06,170857,0,spotify:user:222b6a7rurhvs6p4ficngkzzy,2017-11-13T05:04:56Z,"edm,pop dance,tropical house,progressive electro house,sky room,dance pop,romanian house,romanian pop",0.69,0.713,4,-3.246,0,0.0329,0.0314,0,0.337,0.388,105.06,4
0h1UKhueXm1YFLpQjzwv0E,"2qxJFvFYMEDqd7ui6kSAcq","Ignite - 2016 League Of Legends World Championship","Ignite (2016 League Of Legends World Championship)","Zedd",2016-09-23,195466,0,spotify:user:222b6a7rurhvs6p4ficngkzzy,2017-11-13T05:05:03Z,"complextro,edm,german techno,pop,pop dance",0.716,0.752,5,-4.469,0,0.034,0.0705,0.0000289,0.0789,0.368,127.974,4
3OwPSJu609AMzotCEyoMiO,"1vCWHaC5f2uS3yhpwWbIA6","The Nights","The Days / Nights","Avicii",2014-12-01,176658,0,spotify:user:222b6a7rurhvs6p4ficngkzzy,2017-11-13T15:58:26Z,"dance pop,edm,pop,pop dance",0.529,0.854,6,-5.29,1,0.0436,0.0178,0,0.242,0.654,125.984,4
1xd3OqTbx17HutN7RfJOTj,"0NGAZxHanS9e0iNHpR8f2W,4W6fwRbqEy1dfEoE6OCyZu","Big Jet Plane","Big Jet Plane","Alok,Mathieu Koss",2017-10-09,182146,63,spotify:user:222b6a7rurhvs6p4ficngkzzy,2017-11-19T23:03:44Z,"electro house,pop nacional,sertanejo universitario,slap house,new french touch",0.647,0.713,4,-5.874,1,0.0256,0.113,0.00703,0.146,0.277,124.982,4
06ZpMjkNdIDKVf3mK29UiC,"0NGAZxHanS9e0iNHpR8f2W,5veVxxPm1vzgi6pO2iVA8L,7qPLO2XOUaRrRxkvLZ3AEK","Never Let Me Go","Never Let Me Go","Alok,Bruno Martini,Zeeba",2017-05-05,184070,0,spotify:user:222b6a7rurhvs6p4ficngkzzy,2017-11-19T23:04:49Z,"electro house,pop nacional,sertanejo universitario,slap house,brazilian edm",0.722,0.84,0,-3.939,1,0.0349,0.0447,0.0000128,0.066,0.569,124.003,4
6OnYQKTc5fbSGbIpaH4KxL,"0NGAZxHanS9e0iNHpR8f2W,5veVxxPm1vzgi6pO2iVA8L,7qPLO2XOUaRrRxkvLZ3AEK","Hear Me Now","Hear Me Now","Alok,Bruno Martini,Zeeba",2016-10-21,192846,18,spotify:user:222b6a7rurhvs6p4ficngkzzy,2017-11-19T23:05:07Z,"electro house,pop nacional,sertanejo universitario,slap house,brazilian edm",0.788,0.43,11,-7.757,1,0.0419,0.537,0.00261,0.0936,0.461,121.996,4
5knrAEjUMh6T2kDCN7YD2b,"5veVxxPm1vzgi6pO2iVA8L,15mR9E7xTmVPmKeHcPByzD","Sun Goes Down","Sun Goes Down","Bruno Martini,Isadora",2017-06-09,203586,0,spotify:user:222b6a7rurhvs6p4ficngkzzy,2017-11-19T23:07:17Z,"brazilian edm,pop nacional",0.833,0.748,8,-5.496,0,0.034,0.392,0.000758,0.0809,0.888,121.999,4
7B1Dl3tXqySkB8OPEwVvSu,"7CajNmpbOovFoOoasH2HaY,6Vh6UDWfu9PUSXSzAaB3CW","We'll Be Coming Back (feat. Example)","18 Months","Calvin Harris,Example",2012-10-29,234360,66,spotify:user:222b6a7rurhvs6p4ficngkzzy,2017-11-19T23:09:51Z,"dance pop,edm,electro house,house,pop,pop dance,progressive house,uk dance,hip house",0.596,0.952,7,-4.364,1,0.0873,0.00131,0,0.598,0.571,127.945,4
2rgtCOVK2tpfao2VjURn84,"1Cs0zKBU1kc0i8ypK3B9ai,66AE89GQTx88zLYhXn1wFK","Lovers on the Sun (feat. Sam Martin)","Listen","David Guetta,Sam Martin",2014-11-21,203520,72,spotify:user:222b6a7rurhvs6p4ficngkzzy,2017-11-19T23:10:21Z,"big room,dance pop,edm,pop,pop dance",0.645,0.891,6,-2.505,0,0.0387,0.0932,0.00000388,0.379,0.568,124.915,4
23L5CiUhw2jV1OIMwthR3S,"60d24wfXkVzDSfLS6hyCjZ,64M6ah0SkkRsnPGtGiRAbb","In the Name of Love","In the Name of Love","Martin Garrix,Bebe Rexha",2016-07-29,195706,83,spotify:user:222b6a7rurhvs6p4ficngkzzy,2017-11-19T23:14:05Z,"dutch edm,edm,pop,pop dance,progressive house,dance pop",0.501,0.519,4,-5.88,0,0.0409,0.109,0,0.454,0.168,133.99,4
3R0b0CIol8zkbd8D3SJzxl,"6pWcSL9wSJZQ9ne0TnhdWr","Earth","Earth","K-391",2014,233325,0,spotify:user:222b6a7rurhvs6p4ficngkzzy,2017-11-19T23:18:49Z,"gaming edm,nordic house",0.548,0.8,10,-7.979,1,0.0499,0.0857,0.0103,0.102,0.0866,166.948,4
5NmENli4oodYuWrI0vSGK4,"2sf28o6euxEDpYkG9dMtuM,3GI8jWO0jwqs0qX3OtlbqY","Why We Lose","Why We Lose","Cartoon,Coleman Trapp",2015-06-11,197485,0,spotify:user:222b6a7rurhvs6p4ficngkzzy,2017-11-19T23:18:59Z,"gaming edm,new school turkce rap",0.424,0.921,4,-3.174,0,0.0427,0.00118,0.00817,0.328,0.0973,174.986,4
7DoN0sCGIT9IcLrtBDm4f0,"1vCWHaC5f2uS3yhpwWbIA6,5CCwRZC6euC8Odo6y9X8jr","Lonely Together (feat. Rita Ora)","AVĪCI (01)","Avicii,Rita Ora",2017-08-10,181812,0,spotify:user:222b6a7rurhvs6p4ficngkzzy,2017-11-19T23:20:43Z,"dance pop,edm,pop,pop dance,uk pop",0.648,0.667,2,-5.294,0,0.065,0.137,0.000021,0.0797,0.217,102.966,4
7BKLCZ1jbUBVqRi2FVlTVw,"69GGBxA162lTqCwzJG5jLp,26VFTg2z8YR0cCuwLzESi2","Closer","Closer","The Chainsmokers,Halsey",2016-07-29,244960,86,spotify:user:222b6a7rurhvs6p4ficngkzzy,2017-11-19T23:33:56Z,"pop,electropop,etherpop,indie poptimism",0.748,0.524,8,-5.599,1,0.0338,0.414,0,0.111,0.661,95.01,4
6lDo13SSgTv0WbyUQKgnjk,"738wLrAtLtCtFOLvQBXOXp,4VZY0nxYMSNotbS7WjNVQy,374sWpAJsbZckf98df2jJJ","Light It Up (feat. Nyla & Fuse ODG) - Remix","Peace Is the Mission (Extended Edition)","Major Lazer,Nyla,Fuse ODG",2015-11-27,166138,58,spotify:user:222b6a7rurhvs6p4ficngkzzy,2017-11-30T20:01:35Z,"dance pop,edm,electro house,moombahton,pop,pop dance,afrobeats,azonto",0.746,0.877,9,-3.782,0,0.0666,0.0375,0.000833,0.233,0.751,107.985,4
6AbVJjzv7thIvmMCuhZrmK,"5he5w2lnU9x7JFhnwcekXX,3QJzdZJYIAcoET1GcfpNGi","Make It Bun Dem","Make It Bun Dem","Skrillex,Damian Marley",2012-05-01,213696,68,spotify:user:222b6a7rurhvs6p4ficngkzzy,2017-12-04T03:01:41Z,"brostep,complextro,edm,electro,pop dance,reggae,reggae fusion",0.556,0.881,7,-2.224,1,0.082,0.00119,0,0.0709,0.337,104.973,1
46lFttIf5hnUZMGvjK0Wxo,"4sTQVOfp9vEMCemLw50sbu","Runaway (U & I)","Pharmacy","Galantis",2015-06-05,227073,77,spotify:user:222b6a7rurhvs6p4ficngkzzy,2017-12-04T07:02:21Z,"dance pop,edm,pop,pop dance",0.506,0.805,1,-4.119,1,0.0469,0.00711,0.00193,0.0856,0.383,126.008,4
2V65y3PX4DkRhy1djlxd9p,"1h6Cn3P4NGzXbaXidqURXs,2auikkNYqigWStoHWK1Grq","Don't You Worry Child - Radio Edit","Don't You Worry Child","Swedish House Mafia,John Martin",2012-09-14,212862,84,spotify:user:222b6a7rurhvs6p4ficngkzzy,2017-12-04T23:35:42Z,"edm,pop dance,progressive electro house,pop edm",0.612,0.84,11,-3.145,0,0.0509,0.112,0,0.116,0.438,129.042,4
6DNtNfH8hXkqOX1sjqmI7p,"738wLrAtLtCtFOLvQBXOXp,1uNFoZAHBGtllmzznpCI3s,0bdfiayQAKewqEvaU6rXCv","Cold Water (feat. Justin Bieber & MØ)","Cold Water (feat. Justin Bieber & MØ)","Major Lazer,Justin Bieber,MØ",2016-07-22,185351,0,spotify:user:222b6a7rurhvs6p4ficngkzzy,2017-12-05T01:40:24Z,"dance pop,edm,electro house,moombahton,pop,pop dance,canadian pop,danish pop,electropop",0.608,0.798,6,-5.092,0,0.0432,0.0736,0,0.156,0.501,92.943,4
3iiduhxMhTsOjYJ41bmHFt,"60d24wfXkVzDSfLS6hyCjZ","Animals","Animals","Martin Garrix",2016-12-16,176120,0,spotify:user:222b6a7rurhvs6p4ficngkzzy,2017-12-05T01:46:48Z,"dutch edm,edm,pop,pop dance,progressive house",0.581,0.914,1,-5.566,1,0.0366,0.00101,0.363,0.0712,0.0373,128.004,4
6LXRvh3S8TB5P1PKy4lY1S,"5j4HeCoUlzhfWtjAfM1acR","Alors On Danse - Radio Edit","Cheese","Stromae",2010-01-01,206066,0,spotify:user:222b6a7rurhvs6p4ficngkzzy,2017-12-05T01:48:03Z,"belgian pop,g-house",0.79,0.59,1,-9.206,0,0.0793,0.0994,0.00203,0.065,0.714,119.951,4
0JhKJg5ejeQ8jq89UQtnw8,"1vCWHaC5f2uS3yhpwWbIA6","Levels - Radio Edit","Levels","Avicii",2011-10-28,199903,0,spotify:user:222b6a7rurhvs6p4ficngkzzy,2017-12-05T01:49:18Z,"dance pop,edm,pop,pop dance",0.62,0.881,1,-5.851,0,0.0372,0.0585,0.714,0.311,0.415,126.035,4
16Cs9KsHzgunxaEfGrXysG,"1Cs0zKBU1kc0i8ypK3B9ai,0z4gvV4rjIZ9wHck67ucSV,21E3waRsmPlU7jZsS13rcj","Play Hard (feat. Ne-Yo & Akon) - New Edit","Play Hard (feat. Ne-Yo & Akon) [New Edit]","David Guetta,Akon,Ne-Yo",2013-03-15,208845,66,spotify:user:222b6a7rurhvs6p4ficngkzzy,2017-12-05T01:51:03Z,"big room,dance pop,edm,pop,pop dance,r&b,urban contemporary",0.723,0.87,8,-3.013,0,0.0435,0.035,0,0.656,0.678,129.952,4
0ZqveF2rEFlz2oqF2xrriP,"1OAjDaKgg00KCUYqDe68un","The Riddle","L'Amour Toujours","Gigi D'Agostino",1999,285426,68,spotify:user:222b6a7rurhvs6p4ficngkzzy,2017-12-05T01:56:15Z,"eurodance,italo dance",0.74,0.876,6,-6.87,0,0.0369,0.0173,0.00152,0.0785,0.825,127.002,4
17Fd6Yb7mSbinKG8LoWfFl,"2KsP6tYLJlTBvSUxnwlVWa,5iNrZmtVMtYev5M9yoWpEq","I Took A Pill In Ibiza - Seeb Remix","At Night, Alone.","Mike Posner,Seeb",2016-05-06,197933,21,spotify:user:222b6a7rurhvs6p4ficngkzzy,2017-12-05T05:40:22Z,"dance pop,pop,pop dance,pop rap",0.663,0.713,7,-6.647,0,0.112,0.0353,0.00000768,0.0843,0.69,101.965,4
5BPCOs2a6HAUsHrLg3LSTI,"73jBynjsVtofjRpdpRAJGk,60d24wfXkVzDSfLS6hyCjZ","Tremor","Gold Skies","Dimitri Vegas & Like Mike,Martin Garrix",2014-07-01,294466,0,spotify:user:222b6a7rurhvs6p4ficngkzzy,2017-12-05T06:29:16Z,"belgian dance,belgian edm,big room,dutch house,edm,electro house,pop dance,progressive electro house,dutch edm,pop,progressive house",0.631,0.939,6,-4.21,0,0.0363,0.000351,0.747,0.955,0.452,127.992,4
1MKfplOg9xC8EIzL9nMBWi,"5g3uG8zZZANGT6YOssgjfC,1jUWnDhXB6JyBLh1dyAOUc","Blue Skies - Revoke Remix","Blue Skies: The Remixes","Lenka,REVOKE",2015-12-18,206423,51,spotify:user:222b6a7rurhvs6p4ficngkzzy,2017-12-06T04:43:14Z,"",0.633,0.53,11,-10.668,0,0.0759,0.0701,0.000259,0.151,0.214,170.009,4
0WqOMmoXQfnELL4KQOwCqX,"2cFrymmkijnjDg9SS92EPM","chateau","digital druglord","blackbear",2017-04-21,212926,0,spotify:user:222b6a7rurhvs6p4ficngkzzy,2017-12-06T07:57:23Z,"pop",0.661,0.652,11,-5.668,0,0.0499,0.0416,0,0.367,0.434,97.845,4
3VAeTjREoKPY1exOXR4oBm,"5sWHDYs0csV6RS48xBl0tH","Go Fuck Yourself","First Steps","Two Feet",2016-07-29,129599,0,spotify:user:222b6a7rurhvs6p4ficngkzzy,2017-12-10T00:05:30Z,"indie poptimism,modern rock",0.765,0.327,6,-8.029,1,0.277,0.571,0.0479,0.0787,0.292,74.931,4
7EmGUiUaOSGDnUUQUDrOXC,"0C8ZW7ezQVs4URX5aX7Kqx,64KEffDW9EtZ1y2vBYgq8T","Wolves","Wolves","Selena Gomez,Marshmello",2017-10-25,197993,0,spotify:user:222b6a7rurhvs6p4ficngkzzy,2017-12-10T00:32:23Z,"pop,post-teen pop,brostep,edm,progressive electro house",0.715,0.802,11,-4.647,0,0.0394,0.139,0,0.177,0.327,124.989,4
5UtCByzLqfLIR3jibJu49y,"1eUOPTJKnWZgaZgbQLKX14","The Signal","The Signal","BertycoX",2010,330466,0,spotify:user:222b6a7rurhvs6p4ficngkzzy,2017-12-11T17:57:31Z,"commons",0.689,0.756,9,-8.756,0,0.032,0.112,0.934,0.177,0.742,130,4
12mGwph2YzDIlChtq3EdXP,"64KEffDW9EtZ1y2vBYgq8T","Alone","Alone","Marshmello",2016-05-13,273802,0,spotify:user:222b6a7rurhvs6p4ficngkzzy,2017-12-15T20:43:07Z,"brostep,edm,pop,progressive electro house",0.636,0.953,2,-3.74,1,0.0353,0.0244,0.0164,0.108,0.397,142.011,4
6YaqNwYWpyK3H5XMcTCSrU,"0YinUQ50QDB7ZxSCLyQ40k,0Y5tJX1MQlPlqiwlOH1tJY","Whole Lotta Lovin'","Whole Lotta Lovin'","Mustard,Travis Scott",2016-01-08,299160,0,spotify:user:222b6a7rurhvs6p4ficngkzzy,2017-12-16T19:46:27Z,"cali rap,pop rap,rap,southern hip hop,trap,hip hop,slap house",0.438,0.395,4,-8.74,0,0.059,0.14,0.0000088,0.0647,0.406,159.977,5
4jvmxinTWdqVzFsgDpH5u0,"0yb46jwm7gqbZXVXZQ8Z1e","River","Bishop Briggs","Bishop Briggs",2017-04-14,214280,0,spotify:user:222b6a7rurhvs6p4ficngkzzy,2017-12-18T08:55:52Z,"modern alternative rock",0.728,0.483,2,-6.726,0,0.0473,0.265,0.00000148,0.0886,0.575,62.48,4
4pdPtRcBmOSQDlJ3Fk945m,"540vIaP2JwjQb9dm3aArA4,1uNFoZAHBGtllmzznpCI3s","Let Me Love You","Encore","DJ Snake,Justin Bieber",2016-08-05,205946,1,spotify:user:222b6a7rurhvs6p4ficngkzzy,2017-12-18T08:58:17Z,"edm,electronic trap,pop,pop dance,canadian pop",0.476,0.718,8,-5.309,1,0.0576,0.0784,0.0000102,0.122,0.142,199.864,4
3zKST4nk4QJE77oLjUZ0Ng,"1vCWHaC5f2uS3yhpwWbIA6","Hey Brother","True","Avicii",2013-01-01,255093,9,spotify:user:222b6a7rurhvs6p4ficngkzzy,2017-12-18T09:03:47Z,"dance pop,edm,pop,pop dance",0.545,0.78,7,-4.867,0,0.0436,0.0309,0.0000464,0.0828,0.458,125.014,4
5LZQ5s0kRZS9nBSd1xLK7U,"4JMdvZoXArDVuMNNelKmjo,3jaknADFL7EOn3lSRneM7v,5CVsjwjuzUOrlEc2OJbUg4","Trndsttr (feat. M. Maggie) - Lucian Remix","Trndsttr (feat. M. Maggie) [Lucian Remix]","Black Coast,M. Maggie,Lucian",2016-02-17,179658,51,spotify:user:222b6a7rurhvs6p4ficngkzzy,2017-12-22T17:03:21Z,"meme,la pop,vapor twitch",0.794,0.476,2,-4.337,0,0.0558,0.354,0.00307,0.332,0.471,129.827,4
3EmmCZoqpWOTY1g2GBwJoR,"77AiFEVeAVj2ORpC85QVJs,57WHJIHrjOE3iAxpihhMnp","Just Hold On","Just Hold On","Steve Aoki,Louis Tomlinson",2016-12-10,198774,62,spotify:user:222b6a7rurhvs6p4ficngkzzy,2018-01-16T07:58:49Z,"edm,electro house,pop dance,pop",0.647,0.932,11,-3.515,1,0.0824,0.00383,0.0000015,0.0574,0.374,114.991,4
6jA8HL9i4QGzsj6fjoxp8Y,"60d24wfXkVzDSfLS6hyCjZ,3WGpXCj9YhhfX11TToZcXP","There for You","There for You","Martin Garrix,Troye Sivan",2017-05-26,221904,70,spotify:user:222b6a7rurhvs6p4ficngkzzy,2018-01-16T08:02:03Z,"dutch edm,edm,pop,pop dance,progressive house,australian pop,viral pop",0.611,0.644,6,-7.607,0,0.0553,0.124,0,0.124,0.13,105.969,4
0gb1J5UrTpzaU1s3nupgCd,"4sTQVOfp9vEMCemLw50sbu","No Money","No Money","Galantis",2016-04-01,189126,69,spotify:user:222b6a7rurhvs6p4ficngkzzy,2018-01-19T12:34:00Z,"dance pop,edm,pop,pop dance",0.671,0.916,6,-4.014,0,0.0397,0.0282,0.00762,0.24,0.803,126.01,4
7gHs73wELdeycvS48JfIos,"7vk5e3vY1uw9plTHJAMwjN","Faded","Faded","Alan Walker",2015-12-04,212626,73,spotify:user:222b6a7rurhvs6p4ficngkzzy,2018-01-19T12:35:51Z,"electro house",0.589,0.651,6,-5.097,1,0.0306,0.0291,0.0000032,0.111,0.166,90.011,4
4J7CKHCF3mdL4diUsmW8lq,"7CajNmpbOovFoOoasH2HaY,4AVFqumd2ogHFlRbKIjp1t,3w4VAlllkAWI6m0AV0Gn6a","Under Control (feat. Hurts)","Motion","Calvin Harris,Alesso,Hurts",2014-10-31,184280,77,spotify:user:222b6a7rurhvs6p4ficngkzzy,2018-01-19T12:39:21Z,"dance pop,edm,electro house,house,pop,pop dance,progressive house,uk dance,progressive electro house,metropopolis,neo-synthpop",0.544,0.915,8,-3.405,1,0.0841,0.129,0.000914,0.115,0.51,126.094,4
1snNAXmmPXCn0dkF9DaPWw,"6nS5roXSAGhTGr34W6n7Et,14L5rpGTLVUz1pD8fUeJB1,6nxWCVXbOlEVRexSbLsTer","You & Me - Flume Remix","Settle (The Remixes)","Disclosure,Eliza Doolittle,Flume",2013-06-11,282812,69,spotify:user:222b6a7rurhvs6p4ficngkzzy,2018-01-24T16:47:14Z,"edm,house,indietronica,uk dance,lilith,australian dance,australian electropop,australian indie,downtempo",0.593,0.392,10,-6.872,0,0.0257,0.382,0.000114,0.131,0.25,75.065,4
7dy6bWaPSLmipVoDoLaVeB,"5Pb27ujIyYb33zBqVysBkj,4AA8eXtzqh5ykxtafLaPOi","Innerbloom (What So Not Remix)","Innerbloom (What So Not Remix)","RÜFÜS DU SOL,What So Not",2016-03-18,277199,60,spotify:user:222b6a7rurhvs6p4ficngkzzy,2018-02-12T18:00:32Z,"australian electropop,indietronica,aussietronica,brostep,edm,electro house,electronic trap,escape room,vapor twitch",0.433,0.711,7,-6.628,0,0.0963,0.138,0.000057,0.152,0.101,138.161,4
4zLBcDtvYNVtF9fnG6lme3,"3t5xRXzsuZmMDkQzgOX35S,2TL8gYTNgD6nXkyuUdDrMg","Sun Goes Down (feat. Jasmine Thompson) - Radio Mix","Prayer","Robin Schulz,Jasmine Thompson",2014-09-16,179960,73,spotify:user:222b6a7rurhvs6p4ficngkzzy,2018-04-09T02:37:32Z,"deep euro house,deep house,edm,german dance,pop dance,tropical house,viral pop",0.548,0.723,6,-6.002,1,0.0375,0.0969,0.0000128,0.337,0.499,125.088,4
4Jv7lweGIUOFQ7Oq2AtAh9,"6oBm8HB0yfrIc9IHbxs6in,4WUGQykLBGFfsl0Qjl6TDM","I Follow Rivers - The Magician Remix","I Follow Rivers (The Magician Remix)","Lykke Li,The Magician",2011-10-10,280069,73,spotify:user:222b6a7rurhvs6p4ficngkzzy,2018-05-07T09:47:20Z,"art pop,electropop,indietronica,neo-synthpop,swedish electropop,swedish indie pop,swedish pop,belgian edm,house,nu disco",0.786,0.696,9,-5.796,0,0.0428,0.0234,0.0019,0.0839,0.306,121.974,4
1I8tHoNBFTuoJAlh4hfVVE,"23fqKkggKUBHNkbKtXEls4,1rw8ZTLnDHd74TWDDukjVi","Firestone","Cloud Nine","Kygo,Conrad Sewell",2016-05-13,271640,79,spotify:user:222b6a7rurhvs6p4ficngkzzy,2018-05-14T13:48:34Z,"edm,pop,pop dance,tropical house,australian pop",0.704,0.634,11,-7.374,0,0.0428,0.393,0.0000317,0.0952,0.411,113.927,4
0FkLMOUTkSTPSAYkIXQ579,"1OAjDaKgg00KCUYqDe68un","L'amour Toujours (Small Mix)","L'Amour Toujour","Gigi D'Agostino",2014-05-30,242053,65,spotify:user:222b6a7rurhvs6p4ficngkzzy,2018-05-15T11:02:29Z,"eurodance,italo dance",0.637,0.878,7,-4.449,1,0.0302,0.0775,0.0227,0.364,0.742,139.053,4
5wldXGLEOoRXxMWJ8rIUWE,"738wLrAtLtCtFOLvQBXOXp,0bdfiayQAKewqEvaU6rXCv,540vIaP2JwjQb9dm3aArA4","Lean On","Peace Is The Mission","Major Lazer,MØ,DJ Snake",2015-06-01,176561,0,spotify:user:222b6a7rurhvs6p4ficngkzzy,2018-05-17T14:20:07Z,"dance pop,edm,electro house,moombahton,pop,pop dance,danish pop,electropop,electronic trap",0.723,0.809,7,-3.081,0,0.0625,0.00346,0.00123,0.565,0.274,98.007,4
6PUIzlqotEmPuBfjbwYWOB,"00FQb4jTyendYWaN8pK0wa,4Wjf8diP59VmPG7fi4y724","Summertime Sadness (Lana Del Rey Vs. Cedric Gervais) - Cedric Gervais Remix","Summertime Sadness [Lana Del Rey vs. Cedric Gervais] (Cedric Gervais Remix)","Lana Del Rey,Cedric Gervais",2013-02-01,214912,77,spotify:user:222b6a7rurhvs6p4ficngkzzy,2018-05-21T02:45:36Z,"art pop,pop,dutch house,edm,electro house,pop dance,progressive electro house",0.572,0.81,1,-5.791,0,0.0558,0.0157,0.00000653,0.13,0.11,126.052,4
5xFZiW98mwT5S3mh8O9BUt,"0daugAjUgbJSqdlyYNwIbT","United We Dance - Vicetone Edit","United We Dance (New Mixes)","Vicetone",2015-03-16,255483,37,spotify:user:222b6a7rurhvs6p4ficngkzzy,2018-05-21T03:31:19Z,"dutch house,edm,electro house,pop dance,progressive electro house",0.594,0.65,10,-5.073,1,0.0404,0.014,0.0142,0.267,0.106,126,4
6OZh916QF8XNunWaP97WEZ,"1HBjj22wzbscIZ9sEb5dyf,2zzpznMuhKlKlqh1ma7Sms","Fast Car","Fast Car","Jonas Blue,Dakota",2015-12-04,212424,0,spotify:user:222b6a7rurhvs6p4ficngkzzy,2018-05-21T03:38:42Z,"pop,pop dance,tropical house,uk dance",0.459,0.587,9,-6.983,1,0.0785,0.453,0,0.307,0.581,113.901,4
1i1fxkWeaMmKEB4T7zqbzK,"69GGBxA162lTqCwzJG5jLp,6Dd3NScHWwnW6obMFbl1BH","Don't Let Me Down","Don't Let Me Down","The Chainsmokers,Daya",2016-02-05,208373,82,spotify:user:222b6a7rurhvs6p4ficngkzzy,2018-05-21T03:51:04Z,"pop,alt z",0.532,0.869,11,-5.094,1,0.172,0.157,0.00508,0.136,0.422,159.803,4
1qZMPmpD1jDcOA7gZ6TCde,"1h6Cn3P4NGzXbaXidqURXs,2RdwBSPQiwcmiDo9kixcl8","One (Your Name) - Radio Edit","One (Your Name)","Swedish House Mafia,Pharrell Williams",2010-01-01,163246,71,spotify:user:222b6a7rurhvs6p4ficngkzzy,2018-05-21T05:43:11Z,"edm,pop dance,progressive electro house,dance pop,pop",0.733,0.673,9,-6.572,0,0.0333,0.0132,0.0049,0.16,0.636,125.061,4
44aN5xKL3kGHvQ5bXVk6B8,"6prmLEyn4LfHlD9NnXWlf7","Ghost Town","The Original High (Deluxe Version)","Adam Lambert",2015-06-11,208330,66,spotify:user:222b6a7rurhvs6p4ficngkzzy,2018-05-21T06:08:35Z,"dance pop,idol,pop,post-teen pop",0.703,0.736,4,-5.709,0,0.046,0.186,0.0000192,0.174,0.274,119.955,4
69bp2EbF7Q2rqc5N3ylezZ,"1uNFoZAHBGtllmzznpCI3s","Sorry","Purpose (Deluxe)","Justin Bieber",2015-11-13,200786,22,spotify:user:222b6a7rurhvs6p4ficngkzzy,2018-05-25T02:36:15Z,"canadian pop,pop",0.654,0.76,0,-3.669,0,0.045,0.0797,0,0.299,0.41,99.945,4
4B2kkxg3wKSTZw5JPaUtzQ,"2sf28o6euxEDpYkG9dMtuM,0cA0C4yBNRaN2EZsE2wT3Y","On & On","On & On","Cartoon,Daniel Levi",2015-07-09,207068,1,spotify:user:222b6a7rurhvs6p4ficngkzzy,2018-05-25T03:20:21Z,"gaming edm,estonian pop",0.458,0.696,11,-4.742,1,0.0402,0.285,0,0.123,0.418,174.141,4
1upMwBycZeJwiq3bgMe9P3,"1DLsogyGi0pwPtwV78D8uZ","All or Nothing - Original","All or Nothing - Single","KDrew",2012-09-11,330468,14,spotify:user:222b6a7rurhvs6p4ficngkzzy,2018-05-25T03:26:08Z,"brostep,complextro,electro house,filthstep",0.695,0.912,1,-3.171,0,0.174,0.00198,0.000334,0.0886,0.527,128.004,4
0bEieeFbVqwFLWa2XpJseK,"1bNEG4iSClCqQRyZgho3YV","Shine","Shine","Spektrem",2013-05-05,315585,0,spotify:user:222b6a7rurhvs6p4ficngkzzy,2018-05-25T03:29:20Z,"gaming edm",0.612,0.805,5,-6.375,0,0.0732,0.0109,0.00562,0.249,0.272,128.02,4
4nmYlHakrdrS31nDeIMJ7d,"4kH7elNAw84YopH8959qQW","Catalyst","Catalyst","Antics",2015-11-04,245681,19,spotify:user:222b6a7rurhvs6p4ficngkzzy,2018-05-28T02:13:46Z,"",0.44,0.722,2,-7.513,0,0.0598,0.000807,0.00278,0.079,0.102,128.029,4
,"","Miguel - Do You Like Drugs (Cashmere Cat Remix)","","",,306000,0,spotify:user:222b6a7rurhvs6p4ficngkzzy,2018-05-28T02:45:17Z,""
5eCgNATwXgRc4mZx9NymGJ,"1vCWHaC5f2uS3yhpwWbIA6","Waiting For Love","Waiting For Love","Avicii",2015-05-22,228750,0,spotify:user:222b6a7rurhvs6p4ficngkzzy,2018-05-28T04:29:45Z,"dance pop,edm,pop,pop dance",0.567,0.746,6,-3.748,0,0.0511,0.335,0,0.392,0.578,128.03,4
1wjkunMkceThF9e08xk6SX,"4kH7elNAw84YopH8959qQW","Moments","Catalyst","Antics",2015-11-04,303804,18,spotify:user:222b6a7rurhvs6p4ficngkzzy,2018-05-28T23:15:31Z,"",0.297,0.64,6,-10.671,1,0.0451,0.027,0.685,0.302,0.0374,119.842,4
1VxogbO6bfygdfaCnE9oLb,"64KEffDW9EtZ1y2vBYgq8T,1HQGhla3VNj1dBmKTtVT2t,55fhWPvDiMpLnE4ZzNXZyW","Chasing Colors (feat. Noah Cyrus)","Chasing Colors (feat. Noah Cyrus)","Marshmello,Ookay,Noah Cyrus",2017-02-24,195200,54,spotify:user:222b6a7rurhvs6p4ficngkzzy,2018-06-23T20:54:18Z,"brostep,edm,pop,progressive electro house,dubstep,electro house,electronic trap,alt z",0.573,0.951,3,-1.376,0,0.0421,0.000483,0.00451,0.172,0.408,150.063,4
36wm1WBVArEbnIgtkT3abj,"3q2dSq7VZnj8TmoJUyRm40,3thMwq9J3a0UeLnPGhA4Qn,7e6KqpXfInWHjdQufAnsyj","Sunshine","Sunshine","Cat Dealers,LOthief,Santti",2017-12-01,183934,59,spotify:user:222b6a7rurhvs6p4ficngkzzy,2018-07-10T22:00:16Z,"brazilian edm,pop nacional",0.697,0.674,7,-5.422,0,0.0368,0.138,0.000247,0.119,0.455,121.984,4
22z9GL53FudbuFJqa43Nzj,"6S2tas4z6DyIklBajDqJxI,29bg2tYJCCyiuZdbsc9mFh,6CO3icJe86W5FK3U73zyyR,6HnPZ4VWKu1EFCG03AhG8A,6yrqe8zFWIjaEVaUd00n1m","I Wish (feat. Jay Jenner)","I Wish (feat. Jay Jenner)","Infected Mushroom,Jetlag Music,HOT-Q,Jay Jenner,WhyNot Music",2018-06-26,171436,40,spotify:user:222b6a7rurhvs6p4ficngkzzy,2018-07-10T22:01:05Z,"psychedelic trance,brazilian edm",0.591,0.871,3,-5.8,0,0.0349,0.00101,0.00227,0.125,0.28,123.939,4
0ftAX4mbuRx6Wr6PvpAIZs,"77AiFEVeAVj2ORpC85QVJs,6icQOAFXDZKsumw3YXyusw,6s22t5Y3prQHyaHWUN1R1C","Pretender (feat. Lil Yachty & AJR)","Pretender (feat. Lil Yachty & AJR)","Steve Aoki,Lil Yachty,AJR",2018-05-18,188737,0,spotify:user:222b6a7rurhvs6p4ficngkzzy,2018-07-10T22:14:38Z,"edm,electro house,pop dance,atl hip hop,melodic rap,rap,trap,pov: indie",0.637,0.778,5,-3.642,0,0.0706,0.0248,0,0.228,0.286,103.093,4
2yXDcLTZea27RXtQ7KZiBv,"0LQKGvxOXZHDCxuite9zcT","So Simple","So Simple","Scorsi",2017-08-11,225600,12,spotify:user:222b6a7rurhvs6p4ficngkzzy,2018-07-10T22:14:51Z,"",0.539,0.896,5,-4.572,0,0.0573,0.0446,0.0001,0.11,0.325,149.855,4
4VySpxhRGy32u5zPCprzDn,"5Tf4EH8tDvznnjULcFxkIl","Too Close","The Lateness Of The Hour","Alex Clare",2011-01-01,256613,62,spotify:user:222b6a7rurhvs6p4ficngkzzy,2018-07-22T13:08:14Z,"modern alternative rock",0.588,0.694,11,-4.278,0,0.0387,0.00948,0,0.113,0.271,126.027,4
6WkJ2OK163XXS2oARUC9JM,"77qukKzmdI5BeMBR7WGUrN,17TFSnqADESRM8BPSaM5aB,6dqohi36avY0M9urnyhITr","Dancin (feat. Luvli) - Krono Remix","Dancin (feat. Luvli) [Krono Remix]","Aaron Smith,Krono,Luvli",2014-11-07,198053,80,spotify:user:222b6a7rurhvs6p4ficngkzzy,2018-07-26T01:39:29Z,"chicago house",0.72,0.741,10,-6.529,0,0.0287,0.101,0.0000141,0.289,0.357,119.896,4
7MRFCquMFqruHUTf1cOwnX,"2dTGHCFyCD8uj6tAM9q8ED","Metropol","Metropol","Christoph Andersson",2011-01-25,261600,24,spotify:user:222b6a7rurhvs6p4ficngkzzy,2018-07-31T11:48:45Z,"",0.647,0.742,9,-6.111,1,0.0438,0.00278,0.0628,0.138,0.349,126.978,4
7MiZjKawmXTsTNePyTfPyL,"4dM6NDYSfLcspt8GLoT5aE","Devil Eyes","Providence","Hippie Sabotage",2016-02-05,131271,80,spotify:user:222b6a7rurhvs6p4ficngkzzy,2018-08-04T17:13:23Z,"edm,electronic trap",0.391,0.396,1,-8.621,0,0.189,0.702,0.405,0.315,0.199,99.112,5
3wPPWcVuinAU7dXcJXtCID,"1bT7m67vi78r2oqvxrP3X5,2wY79sveU1sp5g7SokKOiI","La La La","Hotel Cabana (Deluxe Version)","Naughty Boy,Sam Smith",2013-01-01,222200,76,spotify:user:222b6a7rurhvs6p4ficngkzzy,2018-08-06T15:38:26Z,"uk contemporary r&b,pop,uk pop",0.772,0.65,6,-5.202,0,0.0306,0.107,0.00000113,0.0905,0.262,125.083,4
7xRfNTW18gIo14hSwR3zOf,"0sddDn9xuwrGFzZrrr9uEn","Kapteeni käskee","Kapteeni käskee","ILARI",2015-12-25,197603,35,spotify:user:222b6a7rurhvs6p4ficngkzzy,2018-08-11T19:57:07Z,"finnish dance pop,finnish hip hop",0.821,0.612,1,-4.979,1,0.0563,0.0125,0.00000131,0.253,0.384,128.004,4
0JiVRyTJcJnmlwCZ854K4p,"7vk5e3vY1uw9plTHJAMwjN","Alone","Alone","Alan Walker",2016-12-02,161200,64,spotify:user:222b6a7rurhvs6p4ficngkzzy,2018-08-17T21:31:09Z,"electro house",0.676,0.929,10,-3.194,1,0.0458,0.186,0.000405,0.121,0.157,97.019,4
5irKKFoCUyKFq8rvtSBIYM,"2AasvmwafZPTgQANaoLoQY","Sem Chão","Sem Chão","Mandragora",2017-01-22,247022,59,spotify:user:222b6a7rurhvs6p4ficngkzzy,2018-08-19T15:48:25Z,"brazilian edm,mexican edm,trance mexicano",0.479,0.437,1,-7.989,1,0.0547,0.0417,0.0343,0.125,0.0741,108.869,3
5masKPHeAOVNgxdLebIcK7,"23fqKkggKUBHNkbKtXEls4,48sLioddyaXkuhyHXSkpsB","Stole the Show","Cloud Nine","Kygo,Parson James",2016-05-13,223186,79,spotify:user:222b6a7rurhvs6p4ficngkzzy,2018-08-19T16:02:23Z,"edm,pop,pop dance,tropical house,pop soul",0.64,0.635,8,-7.565,0,0.226,0.271,0,0.319,0.475,100.034,4
2ISSQPb9LHHiV6ng2NXosL,"2qxJFvFYMEDqd7ui6kSAcq,50JJSqHUf2RQ9xsHs0KMHg","Beautiful Now","True Colors","Zedd,Jon Bellion",2015-05-18,218293,71,spotify:user:22qtmdngdbt74podbg32w5xda,2018-08-21T11:46:54Z,"complextro,edm,german techno,pop,pop dance,indie pop rap",0.628,0.833,11,-4.126,0,0.0282,0.0079,0.0000148,0.074,0.56,128.003,4
4fXcjHURFEtoncSd03fJfe,"1UfzhwcOR4yfX7yHTPfC9m","Blastoffff","Blastoffff","Joywave",2018-07-12,195520,41,spotify:user:222b6a7rurhvs6p4ficngkzzy,2018-08-27T19:24:08Z,"indietronica,modern alternative rock,modern rock,rochester ny indie,shimmer pop",0.573,0.87,4,-4.618,0,0.07,0.00397,0.00133,0.171,0.334,121.919,4
3LUv7rZSmuNhsDDEXtuWe0,"1Ejjxuav6kpsSyb6QIhjHa,1LZ1TpuHPh2Z1Joff5OMGp","Don't Tell Me","Don't Tell Me","Selva,Ana K",2018-03-30,220500,22,spotify:user:22qtmdngdbt74podbg32w5xda,2018-08-28T23:39:55Z,"brazilian edm",0.722,0.761,9,-5.635,1,0.0343,0.0265,0.00000778,0.105,0.336,119.967,4
6Qn5zhYkTa37e91HC1D7lb,"53XhwfbYqKCa1cC15pYq2q","Whatever It Takes","Evolve","Imagine Dragons",2017-06-23,201240,84,spotify:user:222b6a7rurhvs6p4ficngkzzy,2018-08-29T05:58:41Z,"modern rock,pop,rock",0.672,0.655,10,-5.021,0,0.0311,0.0362,0,0.117,0.556,134.945,4
6YUTL4dYpB9xZO5qExPf05,"7CajNmpbOovFoOoasH2HaY","Summer","Motion","Calvin Harris",2014-10-31,222533,84,spotify:user:22qtmdngdbt74podbg32w5xda,2018-09-03T03:44:42Z,"dance pop,edm,electro house,house,pop,pop dance,progressive house,uk dance",0.596,0.856,4,-3.556,0,0.0346,0.0211,0.0178,0.141,0.743,127.949,4
5xzzxWj8a1YBbNZhNLqWuQ,"2XnBwblw31dfGnspMIwgWz,4b8dLpJgJpNQYzu4AtXLt3","Dancing Alone","Dancing Alone","Axwell /\ Ingrosso,RØMANS",2018-06-29,253770,54,spotify:user:222b6a7rurhvs6p4ficngkzzy,2018-09-08T02:03:52Z,"edm,pop dance,uk pop",0.699,0.94,8,-5.969,0,0.208,0.0853,0,0.336,0.652,122.079,3
1lhLZGDYPwXeOjfpxMWtQZ,"100sLnojEpcadRx4edEBA6","Hypnotic - Vanic Remix","Hypnotic (Vanic Remix)","Zella Day",2016-01-15,282000,51,spotify:user:222b6a7rurhvs6p4ficngkzzy,2018-09-10T00:16:05Z,"alt z,electropop,gauze pop,indie poptimism",0.552,0.745,6,-5.564,0,0.0807,0.00361,0,0.43,0.488,159.915,4
1snWlbcbgQpJfknoI30DWG,"7vk5e3vY1uw9plTHJAMwjN,1eMmoIprPDWeFdB1FxU6ZV,6064pL9Hu3Wx2bwJMeOx6o","Darkside","Darkside","Alan Walker,Au/Ra,Tomine Harket",2018-07-27,211866,63,spotify:user:22qtmdngdbt74podbg32w5xda,2018-09-11T20:56:14Z,"electro house,alt z,deep pop edm",0.425,0.642,4,-5.06,0,0.0502,0.164,0,0.118,0.112,170.008,4
7IfOWyh4jTfkcGVrXKVNq0,"4lDXfIznmGueBgTjI3qGUX,6PwHyGcUfjwdjT9cdsaVWT","Aloha","Panorama","Møme,Merryn Jeann",2016-11-25,218480,65,spotify:user:222b6a7rurhvs6p4ficngkzzy,2018-09-14T02:32:49Z,"new french touch,nice indie",0.661,0.635,10,-7.423,0,0.0645,0.204,0.00114,0.186,0.365,99.972,4
0E9ZjEAyAwOXZ7wJC0PD33,"3v6Ji4uoWtKRkhuDUaxi9n,1OAjDaKgg00KCUYqDe68un","In My Mind","In My Mind","Dynoro,Gigi D'Agostino",2018-06-08,184560,82,spotify:user:222b6a7rurhvs6p4ficngkzzy,2018-09-21T18:45:47Z,"edm,eurodance,italo dance",0.694,0.77,6,-5.335,1,0.149,0.176,0.000011,0.118,0.163,125.905,4
6lFbdi743kgerMZDjSqbuA,"1L9i6qZYIGQedgM9QLSyzb","Pumped Up","Pumped Up","Klingande",2017-09-08,177073,45,spotify:user:222b6a7rurhvs6p4ficngkzzy,2018-10-04T04:25:46Z,"deep house,pop dance,tropical house",0.732,0.734,0,-6.423,1,0.107,0.00719,0.0000149,0.34,0.643,123.033,4
0Rayzfm10tNSKxSciTNY3Z,"2exudSjTjUksRJhnF5JZYn,1JhiIIXT9DWqEU3BYFZwGA","Clear - Shawn Wasabi Remix","Clear","Pusher,MOTHICA",2016-06-24,175265,0,spotify:user:222b6a7rurhvs6p4ficngkzzy,2018-10-04T18:09:16Z,"kawaii future bass,alt z,vapor soul",0.79,0.939,6,-1.802,0,0.0575,0.549,0.218,0.636,0.402,102.023,4
05h7biqucocokZJufTDk23,"1FGLT6mEhIrPhgqYiU57ro,5cjbfaJkOOpNKimOQSCsOO,5I2s1mMElnj22jPYaVKKPv","Bright Sky","Bright Sky","VINNE,SoFly,GANNAH",2018-06-22,194000,0,spotify:user:222b6a7rurhvs6p4ficngkzzy,2018-10-13T02:27:33Z,"brazilian edm",0.728,0.708,6,-5.407,0,0.0555,0.157,0.0222,0.639,0.428,119.989,4
7thTA3hqO2MgOlzo0rPInX,"5fMUXHkw8R8eOP2RNVYEZX,3EXdLajEO02ziZ90P90bSW","Color Blind","Color Blind","Diplo,Lil Xan",2018-03-22,177480,60,spotify:user:222b6a7rurhvs6p4ficngkzzy,2018-10-13T04:28:00Z,"dance pop,edm,electro house,moombahton,pop dance,cloud rap",0.469,0.786,5,-5.396,0,0.186,0.0126,0.0000376,0.503,0.409,87.023,4
3h5IIiL9vK5aR0DZO6jD7D,"4CTKqs11Zgsv8EZTVzx764,2bx0ckgYnvvFPzDlGpupN2","Closer","Chapter One","Lemaitre,Jennie A.",2017-06-02,270589,59,spotify:user:222b6a7rurhvs6p4ficngkzzy,2018-10-13T05:02:04Z,"norwegian pop",0.583,0.785,2,-3.991,0,0.0337,0.0012,0.0127,0.124,0.355,91.977,4
2Z9J5uM5vr6mYGVP6hMOwI,"3luonLzvSOxdU8ytCaEIK8","Сказка","Сказка","IC3PEAK",2018-09-28,165454,0,spotify:user:222b6a7rurhvs6p4ficngkzzy,2018-11-25T07:06:43Z,"russian witch house,viral rap,witch house",0.688,0.573,11,-8.983,1,0.052,0.121,0.057,0.159,0.206,131.984,4
2dpaYNEQHiRxtZbfNsse99,"64KEffDW9EtZ1y2vBYgq8T,7EQ0qTo7fWT7DPxmxtSYEc","Happier","Happier","Marshmello,Bastille",2018-08-17,214289,69,spotify:user:222b6a7rurhvs6p4ficngkzzy,2018-12-11T13:17:46Z,"brostep,edm,pop,progressive electro house,metropopolis,modern rock",0.687,0.792,5,-2.749,1,0.0452,0.191,0,0.167,0.671,100.015,4
2PodTy388mjSNbr8NK2dI1,"0Ludmn78UAusTsNCXgICrN,1qYGvjepF7bZr6pilWYt7G","De Volta Para o Futuro","Tupi or Not Tupi","Fabio Brazza,Isadora Morais",2016,270027,0,spotify:user:222b6a7rurhvs6p4ficngkzzy,2018-12-26T18:40:42Z,"brazilian hip hop",0.672,0.751,11,-8.418,0,0.428,0.289,0,0.0837,0.311,149.585,4
0wUxh6XMc698xPCfgBaPRV,"60d24wfXkVzDSfLS6hyCjZ,4UffC3o3JiLSg7pa5DpQbp","Dreamer","Dreamer","Martin Garrix,Mike Yung",2018-11-01,193399,49,spotify:user:222b6a7rurhvs6p4ficngkzzy,2018-12-30T23:48:49Z,"dutch edm,edm,pop,pop dance,progressive house,pop soul",0.532,0.639,5,-7.419,0,0.0388,0.0507,0.00131,0.106,0.198,105,4
74fpNVAJrKGQuqHETi4WSt,"163tK9Wjr9P9DmM0AVK7lm","Tennis Court","Pure Heroine","Lorde",2013-09-27,198907,70,spotify:user:222b6a7rurhvs6p4ficngkzzy,2018-12-31T14:37:04Z,"art pop,metropopolis,nz pop,pop",0.764,0.567,0,-8.585,1,0.0609,0.0126,0.0000951,0.257,0.428,89.988,4
4nraNqonMyfc0U3o8VeXVu,"0NGAZxHanS9e0iNHpR8f2W,7qPLO2XOUaRrRxkvLZ3AEK,3TNpNnN7Y8QhtJJnQ08YeF","Ocean","Ocean","Alok,Zeeba,iRO",2018-04-26,174001,65,spotify:user:22qtmdngdbt74podbg32w5xda,2019-01-16T01:11:44Z,"electro house,pop nacional,sertanejo universitario,slap house",0.655,0.684,0,-5.18,1,0.0269,0.197,0.0036,0.278,0.27,110.037,4
2qQDSzitIuw8OFsM7kWc3W,"0X4QvHFzWbYsMLzt70iRfu","I Don't Like to Get Dirty","The Man Who Refused to Be Born","The Ropes",2013-10-01,312686,9,spotify:user:222b6a7rurhvs6p4ficngkzzy,2019-01-19T15:53:58Z,"",0.65,0.607,5,-10.019,1,0.0332,0.134,0.0704,0.119,0.101,130.086,4
0QcwSZWxpePBVSCbfIJUz6,"4AA8eXtzqh5ykxtafLaPOi","Jaguar","Jaguar","What So Not",2013-06-12,286928,49,spotify:user:222b6a7rurhvs6p4ficngkzzy,2019-02-20T12:51:04Z,"aussietronica,brostep,edm,electro house,electronic trap,escape room,vapor twitch",0.555,0.882,9,-2.999,0,0.19,0.0526,0.0000767,0.16,0.317,139.987,4
6ZpR2XFuQJSHAQwg9495KZ,"1HxJeLhIuegM3KgvPn8sTa,5he5w2lnU9x7JFhnwcekXX,5fMUXHkw8R8eOP2RNVYEZX,6xHUXzrfhFgnIv86EBR3Ml","Mind (feat. Kai)","Skrillex and Diplo present Jack Ü","Jack Ü,Skrillex,Diplo,kai",2015-02-24,242068,64,spotify:user:222b6a7rurhvs6p4ficngkzzy,2019-02-20T17:58:49Z,"edm,electro house,pop dance,brostep,complextro,electro,dance pop,moombahton",0.502,0.777,1,-4.627,1,0.0934,0.117,0.00000291,0.0957,0.356,174.153,4
5K4ExI2qvE1Ule3u7LxUDT,"2pTCZ9C1fXdaVlv6d5EIXM","Marijuana","Sparks EP","Chrome Sparks",2013-08-29,181149,0,spotify:user:222b6a7rurhvs6p4ficngkzzy,2019-02-23T22:28:51Z,"chillwave,future garage,glitch hop,indietronica,shimmer psych,vapor twitch,wonky",0.697,0.655,1,-9.781,0,0.15,0.0626,0.774,0.353,0.415,86.969,4
1dFkD1JfRMzwO6hwUsE8aS,"2qxJFvFYMEDqd7ui6kSAcq,1mU61l2mcjEFraXZLpvVMo","Spectrum","Clarity","Zedd,Matthew Koma",2012-01-01,243413,62,spotify:user:222b6a7rurhvs6p4ficngkzzy,2019-03-15T10:05:58Z,"complextro,edm,german techno,pop,pop dance,pop edm",0.609,0.801,0,-4.417,0,0.034,0.0137,0.00349,0.127,0.407,129.99,4
34j0Xmdc7UEaiDNNoBPR7t,"3nAdmhth5AczU6YwCJOlYh,5X4LWwbUFNzPkEas04uU82,4eubQnUM4b5sGZoi3fSRV3","Pyramids","Main Stage","Dropgun,DVBBS,Sanjin",2015-08-06,290639,0,spotify:user:222b6a7rurhvs6p4ficngkzzy,2019-05-24T16:45:12Z,"dutch house,electro house,melbourne bounce,pop dance,pop edm,progressive electro house,russian edm,sky room,canadian electronic,edm,slap house,swedish dancehall",0.67,0.951,10,-1.479,1,0.0506,0.000196,0.0291,0.0612,0.223,128.061,4
709F4UQ2uKplKvcD88xffa,"3DnNQH13SfSOjZDsVEa0ht,5qQdzyIlYfzICKOVdb7XvY","Nave Espacial - Radio Edit","Nave Espacial","Liu,Samantha Machado",2018-12-07,185341,63,spotify:user:222b6a7rurhvs6p4ficngkzzy,2019-07-06T20:11:35Z,"brazilian edm,trap brasileiro",0.777,0.763,6,-6.883,0,0.0974,0.119,0.00000465,0.158,0.242,127.022,4
2Fxmhks0bxGSBdJ92vM42m,"6qqNVTkY8uBg9cP3Jd7DAH","bad guy","WHEN WE ALL FALL ASLEEP, WHERE DO WE GO?","Billie Eilish",2019-03-29,194087,85,spotify:user:222b6a7rurhvs6p4ficngkzzy,2019-07-06T20:18:13Z,"art pop,pop",0.701,0.425,7,-10.965,1,0.375,0.328,0.13,0.1,0.562,135.128,4
2RP8Svo0pMwZXnVcmOffDw,"61ipISvUVa5LkJlKZnm3Oo,6mzs66iVW15C5iLt0JLt41","Fading","Fading","Alle Farben,ILIRA",2018-11-02,207013,55,spotify:user:222b6a7rurhvs6p4ficngkzzy,2019-07-06T20:22:10Z,"deep euro house,german dance,albanian pop",0.734,0.76,11,-5.267,0,0.0415,0.0232,0,0.127,0.685,122.072,4
3P5h94RH9LOBwD8OF84M0u,"1Cs0zKBU1kc0i8ypK3B9ai,0fA0VVWsXO9YnASrzqfmYu","Memories (feat. Kid Cudi)","One More Love","David Guetta,Kid Cudi",2010-11-22,210093,68,spotify:user:222b6a7rurhvs6p4ficngkzzy,2019-07-06T20:25:40Z,"big room,dance pop,edm,pop,pop dance,hip hop,ohio hip hop,pop rap,rap",0.561,0.87,8,-6.103,1,0.343,0.0015,0.00000282,0.246,0.498,129.98,4
5pvV6oW7dy3nuaE99MEplz,"5vBSrE1xujD2FXYRarbAXc","Gold","Communion (Deluxe)","Years & Years",2015-07-10,239533,43,spotify:user:222b6a7rurhvs6p4ficngkzzy,2019-07-21T02:10:14Z,"dance pop,gauze pop,pop,pop dance,uk pop",0.551,0.711,10,-6.672,0,0.0506,0.128,0.00000443,0.105,0.329,128.029,4
0mX4Jdfq9H1ZWZqnq39dXY,"3pCoHlohSNQdXBNDxuWd12","Overwatch (Victory Theme)","Overwatch (Victory Theme)","VGR",2017-05-26,151222,39,spotify:user:222b6a7rurhvs6p4ficngkzzy,2019-07-28T04:08:47Z,"otacore,pixel,vgm remix",0.515,0.636,9,-8.418,0,0.146,0.113,0.0007,0.551,0.0665,150.067,3
7vCEgUm4La4odmfkKaNTpg,"3OUOnyTJNDDf8UreCAqJpM","Show It 2 Me","Requiem for Romance","Night Club",2016-10-07,248284,0,spotify:user:222b6a7rurhvs6p4ficngkzzy,2019-08-22T02:45:12Z,"industrial pop,la pop",0.833,0.708,2,-5.241,1,0.069,0.0865,0.0443,0.103,0.607,102,4
653SgdD6rQ9YPtsqRgQVzm,"0bdfiayQAKewqEvaU6rXCv,7gP3bB2nilZXLfPHJhMdvc","Blur (feat. Foster The People)","Blur (feat. Foster The People)","MØ,Foster The People",2018-11-30,181961,53,spotify:user:222b6a7rurhvs6p4ficngkzzy,2019-08-23T05:28:20Z,"dance pop,danish pop,electropop,pop dance,indietronica,modern alternative rock,modern rock,rock",0.616,0.809,1,-4.775,0,0.033,0.0148,0,0.718,0.468,140.007,4
5VKEsChbUowEF2BT0gJSGX,"3PALZKWkpwjRvBsRmhlVSS,0hxQtmgWiPtEsDPeIuKxXq,3CGzpCMqpqHnafmn2PFQd9","Tech Noir","GUNSHIP","Gunship,John Carpenter,Charlie Simpson",2015-07-24,297432,57,spotify:user:222b6a7rurhvs6p4ficngkzzy,2019-09-10T16:35:43Z,"popwave,horror synth,british alternative rock",0.505,0.622,10,-8.372,1,0.0321,0.0809,0.000789,0.212,0.194,86.006,4
0G0THcz2N4UpY4A6GhgMsN,"6jsjhAEteAlY0vCiLvMLBA,6kyUfziWP8ydAsKzyXsC83","R U Mine (SteLouse Remix)","R U Mine (SteLouse Remix)","ROZES,StayLoose",2015-08-24,231759,32,spotify:user:222b6a7rurhvs6p4ficngkzzy,2019-09-20T05:37:45Z,"alt z,electropop,indie poptimism",0.468,0.931,7,-3.554,0,0.19,0.195,0.00145,0.125,0.153,145.103,4
46NBoIAHrmR7qcUGCIFEjR,"1Cs0zKBU1kc0i8ypK3B9ai,1Xylc3o4UrD53lo9CvFvVg","This One's for You (feat. Zara Larsson) (Official Song UEFA EURO 2016)","This One's for You (feat. Zara Larsson) [Official Song UEFA EURO 2016]","David Guetta,Zara Larsson",2016-05-13,207272,69,spotify:user:222b6a7rurhvs6p4ficngkzzy,2019-09-22T09:02:55Z,"big room,dance pop,edm,pop,pop dance,scandipop,swedish electropop,swedish pop",0.367,0.915,9,-3.456,0,0.0488,0.0022,0.0000581,0.0905,0.365,110.169,4
5ZULALImTm80tzUbYQYM9d,"2NjfBq1NflQcKSeiDooVjY","Dance Monkey","The Kids Are Coming","Tones And I",2019-08-29,209438,72,spotify:user:222b6a7rurhvs6p4ficngkzzy,2019-10-31T18:36:44Z,"australian pop",0.824,0.588,6,-6.4,0,0.0924,0.692,0.000104,0.149,0.513,98.027,4
3eR23VReFzcdmS7TYCrhCe,"23fqKkggKUBHNkbKtXEls4,0C8ZW7ezQVs4URX5aX7Kqx","It Ain't Me (with Selena Gomez)","It Ain't Me (with Selena Gomez)","Kygo,Selena Gomez",2017-02-16,220780,81,spotify:user:222b6a7rurhvs6p4ficngkzzy,2019-11-12T06:51:35Z,"edm,pop,pop dance,tropical house,post-teen pop",0.64,0.533,0,-6.596,1,0.0706,0.119,0,0.0864,0.515,99.968,4
3ebXMykcMXOcLeJ9xZ17XH,"60d24wfXkVzDSfLS6hyCjZ,6M2wZ9GZgrQXHCFfjv46we","Scared to Be Lonely","Scared to Be Lonely","Martin Garrix,Dua Lipa",2017-01-27,220883,80,spotify:user:222b6a7rurhvs6p4ficngkzzy,2019-11-12T06:54:49Z,"dutch edm,edm,pop,pop dance,progressive house,dance pop,uk pop",0.584,0.54,1,-7.786,0,0.0576,0.0895,0,0.261,0.195,137.972,4
07nH4ifBxUB4lZcsf44Brn,"7CajNmpbOovFoOoasH2HaY,34v5MVKeQnIo0CWYMbbrPf","Blame (feat. John Newman)","Motion","Calvin Harris,John Newman",2014-10-31,212960,80,spotify:user:222b6a7rurhvs6p4ficngkzzy,2019-11-12T06:56:08Z,"dance pop,edm,electro house,house,pop,pop dance,progressive house,uk dance",0.414,0.857,0,-4.078,0,0.0808,0.0287,0.00574,0.343,0.348,128.024,4
3ujORpm8Hf7QWEtfqSAZL8,"7vk5e3vY1uw9plTHJAMwjN","Alone","Alone","Alan Walker",2016,161144,0,spotify:user:222b6a7rurhvs6p4ficngkzzy,2019-11-12T07:55:25Z,"electro house",0.671,0.924,10,-3.239,1,0.0529,0.196,0.000214,0.12,0.17,97.012,4
4ZbPBXJNWdvW1iq3BlIyaj,"540vIaP2JwjQb9dm3aArA4,7sfl4Xt5KmfyDs2T3SVSMK","Turn Down For What","Furious 7: Original Motion Picture Soundtrack","DJ Snake,Lil Jon",2015-03-17,214733,0,spotify:user:222b6a7rurhvs6p4ficngkzzy,2019-11-20T00:55:18Z,"edm,electronic trap,pop,pop dance,atl hip hop,crunk,dance pop,dirty south rap,old school atlanta hip hop,pop rap,southern hip hop,trap",0.817,0.799,1,-4.092,0,0.189,0.00134,0.186,0.0444,0.099,99.988,4
07SFuH5wrvcqQMDcuouqhM,"7MPhjKo9pLJ7mPJOOxeIf4","Michael Douglas","#nuncamaiseuvoudormir","João Brasil",2016-12-09,194000,37,spotify:user:222b6a7rurhvs6p4ficngkzzy,2019-11-20T02:40:33Z,"tecnobrega",0.751,0.695,4,-3.535,0,0.0376,0.24,0.191,0.231,0.797,130.092,4
5Iy2Jj87Ha0C0IBlNE1I4y,"1vCWHaC5f2uS3yhpwWbIA6","The Days","The Days / Nights","Avicii",2014-01-01,278480,68,spotify:user:222b6a7rurhvs6p4ficngkzzy,2019-12-09T16:15:01Z,"dance pop,edm,pop,pop dance",0.59,0.724,0,-3.278,1,0.0439,0.04,0.0000407,0.142,0.526,127.059,4
2Tk7xzMFslWAoYS2e224Qv,"2BQWHuvxG4kMYnfghdaCIy","Sandblast","Shell Shock","Fox Stevenson",2014-03-04,327428,43,spotify:user:222b6a7rurhvs6p4ficngkzzy,2019-12-17T12:12:03Z,"complextro,dancefloor dnb,electro house",0.397,0.767,0,-3.586,0,0.0507,0.0101,0.00000723,0.143,0.163,139.795,4
18A7ha5BitZjmdHTCwXFbU,"7gXb99Sf9nNmpNYeAgIQFG","Cradles","Cradles","Sub Urban",2019-01-04,209829,2,spotify:user:222b6a7rurhvs6p4ficngkzzy,2019-12-22T19:19:44Z,"modern indie pop",0.581,0.585,1,-1.87,1,0.369,0.27,0.0000648,0.179,0.63,67.443,3
65hRZOQkVjmBdusz1N7aOv,"1h6Cn3P4NGzXbaXidqURXs","Save The World","Save The World","Swedish House Mafia",2011-05-13,213337,70,spotify:user:222b6a7rurhvs6p4ficngkzzy,2020-01-20T16:43:23Z,"edm,pop dance,progressive electro house",0.507,0.665,0,-7.598,1,0.0474,0.0144,0,0.0759,0.4,126.879,4
5upXHlP4pDCEl6jvgqwji3,"4AVFqumd2ogHFlRbKIjp1t,4NHQUGzhtTLFvgF5SZesLK","Heroes (we could be)","Queen Of The Clouds (Blueprint Edition)","Alesso,Tove Lo",2015-10-30,209866,33,spotify:user:222b6a7rurhvs6p4ficngkzzy,2020-01-23T22:56:07Z,"dance pop,edm,pop,pop dance,progressive electro house,metropopolis,swedish electropop,swedish pop,swedish synthpop",0.521,0.754,5,-4.144,1,0.0634,0.0373,0,0.239,0.352,125.876,4
1gihuPhrLraKYrJMAEONyc,"7CajNmpbOovFoOoasH2HaY","Feel So Close - Radio Edit","18 Months","Calvin Harris",2012-10-29,206413,83,spotify:user:222b6a7rurhvs6p4ficngkzzy,2020-01-23T22:57:22Z,"dance pop,edm,electro house,house,pop,pop dance,progressive house,uk dance",0.707,0.924,7,-2.842,1,0.031,0.000972,0.00703,0.204,0.919,127.937,4
7MmG8p0F9N3C4AXdK6o6Eb,"7CajNmpbOovFoOoasH2HaY,0X2BH1fck6amBIoJhDVmmJ","Outside (feat. Ellie Goulding)","Motion","Calvin Harris,Ellie Goulding",2014-10-31,227266,84,spotify:user:222b6a7rurhvs6p4ficngkzzy,2020-01-24T13:07:54Z,"dance pop,edm,electro house,house,pop,pop dance,progressive house,uk dance,indietronica,metropopolis,uk pop",0.646,0.823,2,-4.123,0,0.0394,0.213,0,0.322,0.418,128.035,4
2CPqh63wRVscbceKcPxwvv,"6lB8vOoI4DRrrVxXwuV19c,7eCmccnRwPmRnWPw61x6jM","The Ocean (feat. Shy Martin)","The Ocean (feat. Shy Martin)","Mike Perry,shy martin",2016-04-15,183414,72,spotify:user:222b6a7rurhvs6p4ficngkzzy,2020-01-24T13:09:52Z,"pop dance,swedish tropical house,alt z,swedish electropop",0.632,0.575,5,-6.478,1,0.029,0.0225,0.00000181,0.104,0.188,90.037,4
26uWcFPeunNydCH7rl7nyA,"2WX2uTcsvV5OnS0inACecP,1HBjj22wzbscIZ9sEb5dyf","Keeping Your Head Up - Jonas Blue Remix; Radio Edit [Radio Edit]","Keeping Your Head Up (Jonas Blue Remix; Radio Edit)","Birdy,Jonas Blue",2016-03-18,183599,65,spotify:user:222b6a7rurhvs6p4ficngkzzy,2020-01-24T13:10:11Z,"neo mellow,uk pop,pop,pop dance,tropical house,uk dance",0.643,0.685,8,-5.137,0,0.041,0.0452,0.0000952,0.0855,0.404,122.053,4
4KymXbJweU4DZGKLy3JR0p,"23ostNBoB9z6GMXLtHdg7y","Stronger","Stronger","Prismo",2017-12-09,212575,0,spotify:user:222b6a7rurhvs6p4ficngkzzy,2020-01-31T09:38:57Z,"bass trap",0.623,0.783,9,-7.042,0,0.0885,0.0106,0.0000853,0.0944,0.426,140.013,4
5TbzAWWc5eJaANpA9kfGCd,"34v5MVKeQnIo0CWYMbbrPf","Love Me Again","Tribute","John Newman",2013-01-01,239894,80,spotify:user:222b6a7rurhvs6p4ficngkzzy,2020-02-01T02:25:21Z,"dance pop",0.495,0.894,2,-4.814,0,0.0441,0.00453,0.000596,0.103,0.213,126.03,4
3e3hiW1XnQ6S76kB2n4vyk,"6kN7AbeUV4yRewiVUToouk","Cloud City","Cloud City","Headphone Activist",2015-09-17,306259,38,spotify:user:222b6a7rurhvs6p4ficngkzzy,2020-02-04T04:55:27Z,"bass trap",0.793,0.356,8,-14.651,1,0.0314,0.216,0.773,0.115,0.362,140.04,4
6jMZ5rN6SCEBWmSY01yhrE,"73jBynjsVtofjRpdpRAJGk,60d24wfXkVzDSfLS6hyCjZ","Tremor - Sensation 2014 Anthem","Tremor","Dimitri Vegas & Like Mike,Martin Garrix",2014-05-12,294374,40,spotify:user:222b6a7rurhvs6p4ficngkzzy,2020-02-04T07:09:23Z,"belgian dance,belgian edm,big room,dutch house,edm,electro house,pop dance,progressive electro house,dutch edm,pop,progressive house",0.63,0.943,6,-4.185,0,0.0365,0.000328,0.726,0.938,0.409,127.976,4
4NZrZgrRoR4GwR7flWOXRI,"5sWHDYs0csV6RS48xBl0tH","Go Fuck Yourself","First Steps","Two Feet",2016-07-29,129599,77,spotify:user:222b6a7rurhvs6p4ficngkzzy,2020-02-04T07:10:24Z,"indie poptimism,modern rock",0.765,0.327,6,-8.029,1,0.277,0.571,0.0479,0.0787,0.292,74.931,4
3qO8p5ccCElEk2MMAI0u4J,"45eNHdiiabvmbp4erw26rg,75aiMKKxzFHGFRxyLwvL2d","It's All on U (feat. Liam O'Donnell)","Ashes","ILLENIUM,Liam O'Donnell",2016-02-15,204000,0,spotify:user:222b6a7rurhvs6p4ficngkzzy,2020-02-04T07:13:49Z,"edm,melodic dubstep,pop dance",0.5,0.82,7,-4.024,0,0.0644,0.0629,0.000372,0.598,0.294,147.946,4
5FyQTonTkJ5tKYUGG7qEPI,"5fMUXHkw8R8eOP2RNVYEZX,4BXklnu49JdL9ZJBSiN3Hx,6xHUXzrfhFgnIv86EBR3Ml","Revolution (feat. Faustix & Imanos & Kai)","Step Up: All In (Original Motion Picture Soundtrack)","Diplo,Faustix & Imanos,kai",2014-07-24,253553,0,spotify:user:222b6a7rurhvs6p4ficngkzzy,2020-02-04T07:15:06Z,"dance pop,edm,electro house,moombahton,pop dance",0.634,0.724,5,-5.842,0,0.0546,0.00499,0.000193,0.0919,0.309,148.025,4
6b04d2pT6Zx6q0ZnBWVGZl,"0SfsnGyD8FpIN4U4WCkBZ5,5YMqwPmb7ViNXM63g1MUH5,2jGvmFH6YE352p9LKmuB0y","Freefall (ASOT 761) [Tune Of The Week] - Manse Remix","A State Of Trance Episode 761","Armin van Buuren,BullySongs,Manse",2016-04-28,181356,4,spotify:user:222b6a7rurhvs6p4ficngkzzy,2020-02-10T06:21:37Z,"dutch house,dutch trance,edm,pop dance,progressive house,trance,big room,pop edm,progressive electro house,sky room",0.379,0.58,2,-9.202,1,0.0382,0.0162,0,0.169,0.173,128.371,4
4Clmg1g8n2yBYG13Z1oSdG,"2TWBei99x2tV70bdYbWdAf,00CMSJdbf36zOzKB3z8JrR,0cCNT5RyWndpS7Zx7ISEDw","Baila Conmigo (feat. Kelly Ruiz)","Baila Conmigo (feat. Kelly Ruiz)","Dayvi,Victor Cardenas,Kelly Ruíz",2018-12-28,189817,70,spotify:user:222b6a7rurhvs6p4ficngkzzy,2020-02-10T06:23:36Z,"circuit,guaracha",0.745,0.972,7,-3.506,1,0.0774,0.00903,0.465,0.297,0.556,128.031,4
14sOS5L36385FJ3OL8hew4,"23fqKkggKUBHNkbKtXEls4,5JYo7gm2dkyLLlWHjxS7Dy","Happy Now","Happy Now","Kygo,Sandro Cavazza",2018-10-26,211362,70,spotify:user:222b6a7rurhvs6p4ficngkzzy,2020-02-10T06:29:05Z,"edm,pop,pop dance,tropical house,swedish pop",0.693,0.575,9,-6.998,1,0.0801,0.374,0,0.252,0.492,117.999,4
0qaWEvPkts34WF68r8Dzx9,"7i9j813KFoSBMldGqlh2Z1,5nki7yRhxgM509M5ADlN1p,6YqhcZlSE8ugUcmoHLw9gz","Turn Me On (feat. Vula)","Turn Me On (feat. Vula)","Riton,Oliver Heldens,Vula",2019-09-13,208473,72,spotify:user:222b6a7rurhvs6p4ficngkzzy,2020-02-10T06:31:25Z,"house,pop dance,uk dance,dutch house,edm,electro house,future house,progressive electro house,progressive house",0.737,0.828,11,-4.711,1,0.0396,0.0149,0.000588,0.0862,0.517,124.051,4
7Fc39Kc6fSX3uxxSUbfadS,"6BpaTDEjadTL9Plx4VUKvo","I'm Not Human At All","Sleep Party People","Sleep Party People",2010-01-01,389000,0,spotify:user:222b6a7rurhvs6p4ficngkzzy,2020-02-12T05:00:33Z,"danish indie pop",0.515,0.801,4,-3.147,0,0.0346,0.0324,0.279,0.0834,0.0849,120.047,4
6RJPdat6yvLfbI8MyjZ0Vn,"5oREZfPeedk4nyo1GpqKfU,4SVHe2tiwV0nWbR3zjrl4j,7dm9ZsQH87gr5z9HFgFTLl","Follow Your Heart","Follow Your Heart","BVRNOUT,KROMATIKS,Cadence Ludden",2017-04-03,204000,0,spotify:user:222b6a7rurhvs6p4ficngkzzy,2020-03-09T04:59:16Z,"electronic trap",0.591,0.827,10,-4.675,0,0.0326,0.0512,0.00000876,0.127,0.665,145.082,4
2NgSBqN5cQmPsCUpvZrvnR,"3WSK3JppX3N41XHVwQp7Gt,2Wzb0u138rgoZQTK3ytknT,047WXnK2tIG3FGth7FyXaK","Hide and Seek","Hide and Seek","Steve Void,BEAUZ,Carly Paige",2017-12-01,188095,0,spotify:user:222b6a7rurhvs6p4ficngkzzy,2020-03-09T04:59:29Z,"pop edm,slap house,la pop",0.662,0.839,11,-3.965,0,0.0354,0.298,0.0000129,0.158,0.344,96.936,4
6PVujJYQmv8oJxa96v1ptT,"5CdJjUi9f0cVgo9nFuJrFa,5lCekoJW9jNq01B1wiqdAb,0Cd6nHYwecCNM1sVEXKlYr","Next Life","Next Life","Adventure Club,Crankdat,Krewella",2019-04-12,186853,0,spotify:user:222b6a7rurhvs6p4ficngkzzy,2020-03-09T04:59:37Z,"brostep,canadian electronic,complextro,edm,electro house,filthstep,pop dance,dubstep,electra",0.515,0.789,7,-3.385,1,0.0378,0.0218,0.0000485,0.128,0.199,142.073,4
401Xo6kdmYwDZ5l0RDsjC4,"19HFRWmRCl27kTk6LeqAO8,0YwZx5vGf17WMCi6KdOt4U","Keep Me from You (feat. ODA)","Keep Me From You (feat. ODA)","MORTEN,ODA",2017-05-19,201682,37,spotify:user:222b6a7rurhvs6p4ficngkzzy,2020-03-09T04:59:46Z,"danish electronic,scandipop",0.551,0.624,4,-7.837,0,0.0347,0.0225,0,0.365,0.329,144.031,4
4nHRjukz1QhJpkZw6p1JZN,"5Xgb8LDaSdo3vsDqJ7eBJv,73TQx9yn3Tq1fpJLVqvEq8","Lately","Lately","Dead Robot,tribes.",2017-05-11,281844,16,spotify:user:222b6a7rurhvs6p4ficngkzzy,2020-03-09T04:59:54Z,"",0.512,0.936,2,-4.496,1,0.0787,0.00876,0.0000441,0.645,0.244,159.986,4
5gQlZDf1okAKlIeRLSlVr1,"6QrQ7OrISRYIfS5mtacaw2,20gsENnposVs2I4rQ5kvrf","Happiest Year - Sam Feldt Remix","Happiest Year (Sam Feldt Remix)","Jaymes Young,Sam Feldt",2020-03-13,196666,46,spotify:user:222b6a7rurhvs6p4ficngkzzy,2020-03-17T06:10:47Z,"indie poptimism,edm,pop dance,tropical house",0.67,0.849,1,-6.306,1,0.0393,0.0977,0.00217,0.0983,0.375,126.011,4
7sYAS4CpbV90oSemgaEQat,"0NGAZxHanS9e0iNHpR8f2W,3v6Ji4uoWtKRkhuDUaxi9n","On & On","On & On","Alok,Dynoro",2019-11-22,147026,67,spotify:user:222b6a7rurhvs6p4ficngkzzy,2020-03-31T01:54:46Z,"electro house,pop nacional,sertanejo universitario,slap house,edm",0.747,0.776,10,-5.898,0,0.0722,0.0233,0.0000138,0.761,0.67,125.07,4
3U0obDja5mKtcqPJdWEku3,"500YRyClzP6Z7HtWd1BIje","Calypso Beach","Dare","Northeast Party House",2016-09-09,233169,0,spotify:user:222b6a7rurhvs6p4ficngkzzy,2020-04-08T16:09:43Z,"australian indie",0.398,0.678,8,-7.562,0,0.0377,0.0175,0.3,0.129,0.379,122.022,4
6PtXobrqImYfnpIxNsJApa,"1Cs0zKBU1kc0i8ypK3B9ai,3gk0OYeLFWYupGFRHqLSR7,7HqEmV7FeCi16bQyHMpIrF","Bad (feat. Vassy) - Radio Edit","Bad (feat. Vassy) [Radio Edit]","David Guetta,Showtek,VASSY",2014-04-06,170625,67,spotify:user:222b6a7rurhvs6p4ficngkzzy,2020-04-16T17:36:35Z,"big room,dance pop,edm,pop,pop dance,classic hardstyle,dutch house,electro house,euphoric hardstyle,melbourne bounce,progressive electro house,australian dance",0.614,0.972,5,-3.927,0,0.088,0.00125,0.0186,0.328,0.411,127.966,4
3x33letUxPPzxlYe6qpucJ,"47z7ZrgFoBvVpCnElCE3Zh,55RKbZHb1yAXuvEHTIyaxJ","Shotgun","Shotgun","Yellow Claw,Rochelle",2013-11-15,193659,0,spotify:user:222b6a7rurhvs6p4ficngkzzy,2020-04-16T17:38:47Z,"dutch house,edm,electro house,pop dance,dutch r&b",0.656,0.908,4,-3.195,0,0.0327,0.0114,0.209,0.17,0.232,144.978,4
3hWfKBt3n7j1xqIy6LA5ve,"0daugAjUgbJSqdlyYNwIbT,2jpQ0ywffgVHhZFQNWaWYW","Astronomia","Astronomia","Vicetone,Tony Igy",2016-09-16,198095,68,spotify:user:222b6a7rurhvs6p4ficngkzzy,2020-04-24T19:16:43Z,"dutch house,edm,electro house,pop dance,progressive electro house,russian dance",0.653,0.945,5,-2.634,1,0.096,0.00561,0.915,0.439,0.326,126.093,4
5ACZOGjT6I5He0pDZED56Z,"5C1tex8vm00yFKTitiOnMU","Wannabe","Wannabe","why mona",2019-04-01,217411,68,spotify:user:222b6a7rurhvs6p4ficngkzzy,2020-05-13T23:30:58Z,"la pop",0.578,0.724,6,-7.02,0,0.0865,0.192,0.0000238,0.235,0.465,169.827,4
0AUyNF6iFxMNQsNx2nhtrw,"4ZgQDCtRqZlhLswVS6MHN4","Blood // Water","Blood // Water","grandson",2018-05-04,216720,75,spotify:user:222b6a7rurhvs6p4ficngkzzy,2020-05-14T00:27:58Z,"modern alternative rock,modern rock,pov: indie,rock",0.51,0.882,8,-5.659,0,0.159,0.00158,0.00206,0.0764,0.653,154.029,4
6zAiRKvAMlXHxEtyO4yxIO,"47mIJdHORyRerp4os813jD,2org0PubBAxTvjVvLo9PJ0,2zmjYl582zO64LcLQtOEuv","Phoenix","Phoenix","League of Legends,Cailin Russo,Chrissy Costanza",2019-10-08,197633,72,spotify:user:222b6a7rurhvs6p4ficngkzzy,2020-05-14T00:29:46Z,"speedrun,video game music,la pop",0.42,0.723,10,-6.86,0,0.175,0.0638,0.0000117,0.123,0.288,167.806,4
1wsZ0cp5He4Wm4yohNjwIs,"2cFrymmkijnjDg9SS92EPM,0SXgKLNtpIrH29F1vMRWzj","idfc - Tarro Remix","idfc (Tarro Remix)","blackbear,Tarro",2016-10-17,248633,63,spotify:user:222b6a7rurhvs6p4ficngkzzy,2020-05-14T00:31:30Z,"pop",0.58,0.694,1,-5.45,0,0.221,0.481,0.00000118,0.109,0.389,139.751,4
5jkbw3FDS3bSSb4oLKYbjf,"7gXb99Sf9nNmpNYeAgIQFG,6U1dV7aL68N7Gb0Naq34V5","Freak (feat. REI AMI)","Thrill Seeker","Sub Urban,REI AMI",2020-03-13,194000,70,spotify:user:222b6a7rurhvs6p4ficngkzzy,2020-05-14T00:39:20Z,"modern indie pop",0.619,0.45,7,-11.965,0,0.515,0.433,0,0.513,0.41,179.755,4
3nH3Gtm9GQVfiaYDr4AXji,"2HOMW1liAxI3URnEq95SMS","Everybody Gets High","Loner","MISSIO",2017-05-19,212093,61,spotify:user:222b6a7rurhvs6p4ficngkzzy,2020-05-14T00:41:47Z,"modern alternative rock,modern rock",0.432,0.558,11,-6.843,1,0.286,0.0234,0.000358,0.0924,0.46,58.748,4
1PPXvuqGAF3UCbsveKoOIV,"3luonLzvSOxdU8ytCaEIK8","Смерти Больше Нет","Сказка","IC3PEAK",2018-09-28,202000,3,spotify:user:222b6a7rurhvs6p4ficngkzzy,2020-05-14T01:00:29Z,"russian witch house,viral rap,witch house",0.526,0.459,0,-7.632,1,0.0813,0.209,0,0.0936,0.329,180.094,4
5MhsZlmKJG6X5kTHkdwC4B,"5vCOdeiQt9LyzdI87kt5Sh,1KYt3TMGpa1LtVi0m2A0F9","I'm an Albatraoz","I'm an Albatraoz","AronChupa,Little Sis Nora",2014-08-08,166848,74,spotify:user:222b6a7rurhvs6p4ficngkzzy,2020-06-18T13:54:31Z,"swedish pop,melbourne bounce international",0.883,0.817,0,-5.414,1,0.235,0.601,0.00449,0.11,0.595,128.078,4
56yFJewuZr1kKfYu2O35nx,"57pVvBwa3ZCR9LsVlkLXj7,3eH2apcLhzhnr3eWmH3VBf,3q2dSq7VZnj8TmoJUyRm40","Ai Ai Ai - Felguk & Cat Dealers Remix","Ai Ai Ai (Felguk & Cat Dealers Remix)","Vanessa Da Mata,Felguk,Cat Dealers",2018-04-13,200322,64,spotify:user:222b6a7rurhvs6p4ficngkzzy,2020-07-15T02:17:31Z,"mpb,nova mpb,brazilian bass,brazilian edm,complextro,electro house,melbourne bounce",0.575,0.913,0,-3.831,1,0.0579,0.00882,0.000183,0.295,0.266,123.971,4
24putRJqkmdXxfKq5OI4TC,"0NGAZxHanS9e0iNHpR8f2W,3TNpNnN7Y8QhtJJnQ08YeF","Love Is A Temple","Love Is A Temple","Alok,iRO",2017-06-02,218250,0,spotify:user:222b6a7rurhvs6p4ficngkzzy,2020-07-15T02:17:46Z,"electro house,pop nacional,sertanejo universitario,slap house",0.602,0.769,9,-5.194,1,0.0667,0.033,0.00000927,0.102,0.331,160.098,4
1BsIqzcee4VG7xRl9sbyY0,"7f5Zgnp2spUuuzKplmRkt7,7KMqksf0UMdyA0UCf4R3ux","Melody","Melody (Remixes, Pt. 2)","Lost Frequencies,James Blunt",2018-07-13,149008,41,spotify:user:222b6a7rurhvs6p4ficngkzzy,2020-07-15T02:19:43Z,"belgian edm,edm,pop dance,tropical house,neo mellow",0.674,0.659,0,-8.456,1,0.048,0.126,0,0.455,0.352,120.05,4
4fItvUtgNQIEzapdap8htb,"4VN0CM9QYQRvgIQyZJF9Ym","When It's Cold Outside","When It's Cold Outside","228k",2017-06-16,177029,40,spotify:user:222b6a7rurhvs6p4ficngkzzy,2020-07-15T14:15:53Z,"",0.604,0.493,5,-10.227,0,0.037,0.0509,0.0000232,0.166,0.134,104.045,4
7ac8sivblLQjsQipO5FZ63,"0NGAZxHanS9e0iNHpR8f2W,6kT18gnkVrCz8xJQcrib7L","Fuego","Fuego","Alok,Bhaskar",2017-02-27,188852,0,spotify:user:222b6a7rurhvs6p4ficngkzzy,2020-07-15T14:21:15Z,"electro house,pop nacional,sertanejo universitario,slap house,brazilian bass,brazilian edm,brazilian house",0.72,0.643,9,-7.691,1,0.0369,0.135,0.812,0.112,0.325,122.012,4
6OZPl7bOm8EOshsVmWH5W8,"4UXqAaa6dQYAk18Lv7PEgX","Immortals","American Beauty/American Psycho","Fall Out Boy",2015-01-16,189386,0,spotify:user:222b6a7rurhvs6p4ficngkzzy,2020-07-15T14:22:27Z,"emo,modern rock,pop,rock",0.614,0.877,2,-3.601,1,0.0708,0.00172,0.00000295,0.706,0.498,108.015,4
2glGP8kEfACgJdZ86kWxhN,"7f5Zgnp2spUuuzKplmRkt7","Are You With Me - Radio Edit","Less Is More","Lost Frequencies",2016-10-21,138013,73,spotify:user:222b6a7rurhvs6p4ficngkzzy,2020-07-15T14:23:07Z,"belgian edm,edm,pop dance,tropical house",0.763,0.608,5,-8.1,0,0.035,0.262,0.000025,0.12,0.393,121.02,4
3bmbNLqSJjGDRbbqlJUt4y,"1EVpn7mXyF07LuJqgUk6RX,3q2dSq7VZnj8TmoJUyRm40,2FT75iYuWmycqYrXbVD9cn","Your Body - Cat Dealers Radio Edit","Your Body (Cat Dealers Remix)","Tom Novy,Cat Dealers,Michael Marshall",2017-07-28,264194,1,spotify:user:222b6a7rurhvs6p4ficngkzzy,2020-07-15T14:27:59Z,"disco house,vocal house,brazilian edm",0.684,0.612,9,-4.468,1,0.365,0.327,0.135,0.352,0.344,123.967,4
5BuiZmp7H6hoUN5Fw2lUIp,"0daugAjUgbJSqdlyYNwIbT,2S5DXnDpQlpDXFUcvqAb4E","Nothing Stopping Me (feat. Kat Nestel)","Nothing Stopping Me (feat. Kat Nestel)","Vicetone,Kat Nestel",2015-06-30,223225,0,spotify:user:222b6a7rurhvs6p4ficngkzzy,2020-07-15T14:30:31Z,"dutch house,edm,electro house,pop dance,progressive electro house",0.601,0.801,5,-2.425,1,0.0473,0.139,0,0.103,0.377,126.955,4
6EsH66Uto1zwZlDGQ6RokU,"60d24wfXkVzDSfLS6hyCjZ","Forbidden Voices","Forbidden Voices","Martin Garrix",2015-02-23,230634,61,spotify:user:222b6a7rurhvs6p4ficngkzzy,2020-07-15T14:35:03Z,"dutch edm,edm,pop,pop dance,progressive house",0.534,0.711,10,-5.927,0,0.0368,0.05,0.0031,0.135,0.3,128.102,4
4qZCpiFmplxybUvjGGpcof,"1BQaZSq1KsLOZGzjG5QxRC,73O5T44Ui5WqxtW6S5JENA","Calabria - 2007 Club Mix","Orbital Mix 4","Enur,Natasja",2019-06-06,154320,46,spotify:user:222b6a7rurhvs6p4ficngkzzy,2020-07-16T15:19:47Z,"reggae fusion,danish hip hop,danish pop",0.886,0.72,11,-6.71,1,0.17,0.0212,0.000452,0.0735,0.755,130.622,4
26UGfXevfPOuxGFbSqtuR9,"3WSK3JppX3N41XHVwQp7Gt,3HphLd0XiELTvIPYf55dYC,0jRbAcpQhqQJWgtSRG6oYy","Say So","Say So","Steve Void,Dance Fruits Music,Green Bull",2020-06-05,146822,41,spotify:user:222b6a7rurhvs6p4ficngkzzy,2020-07-23T09:45:36Z,"pop edm,slap house,lo-fi product",0.806,0.692,7,-6.446,0,0.0626,0.239,0.0000165,0.101,0.678,121.058,4
3H7ihDc1dqLriiWXwsc2po,"0u6GtibW46tFX7koQ6uNJZ,5Wg2b4Mp42gicxEeDNawf7","Breaking Me","Breaking Me","Topic,A7S",2019-12-19,166793,78,spotify:user:222b6a7rurhvs6p4ficngkzzy,2020-07-23T09:46:49Z,"german dance,pop dance,pop edm,uk dance,scandipop",0.789,0.72,8,-5.652,0,0.218,0.223,0,0.129,0.664,122.031,4
6OkP1t5se0cYZTfnNE5gC4,"7bKJsFgjE6XoO5fDhTCCqX,0AepkoQhYvkjEzzwIcGxdV","Love Me","Love Me","WiDE AWAKE,Jacob Banks",2016-03-14,195000,49,spotify:user:222b6a7rurhvs6p4ficngkzzy,2020-09-04T19:25:39Z,"bass trap,uk contemporary r&b",0.646,0.7,2,-6.001,0,0.0316,0.00593,0.00356,0.0633,0.309,140.014,4
1LKGWNOUOtSxbIyjFa8TOt,"31qwjgvIiGA2TSON0W5Yka","Don't Wanna Sleep","Don't Wanna Sleep","Swif7",2020-06-26,164516,34,spotify:user:222b6a7rurhvs6p4ficngkzzy,2020-09-08T04:26:31Z,"",0.571,0.853,5,-6.481,1,0.0346,0.104,0.744,0.159,0.533,77.507,4
5NwBZ1b06d1sMtbYKgTzYz,"4S5yXnFzWvHu16wfuDjjfM,4qK6oQkDJ2tGgSrjhyTuLL,5CzZkqynT7oWprv8hddXiE","Fade - Sane Beats Remix","Fade (Sane Beats Remix)","Jakwob,Maiday,Sane Beats",2013-03-17,212730,45,spotify:user:222b6a7rurhvs6p4ficngkzzy,2020-09-10T14:18:49Z,"indie electropop",0.732,0.763,3,-8.531,0,0.0403,0.0266,0.0744,0.145,0.473,144.997,4
04pjfS3YIK6gXjxi1zHeZa,"47mIJdHORyRerp4os813jD,6yhD1KjhLxIETFF7vIRf8B","Legends Never Die (feat. Against the Current)","Legends Never Die (feat. Against The Current)","League of Legends,Against The Current",2017-09-15,235000,0,spotify:user:222b6a7rurhvs6p4ficngkzzy,2020-09-17T14:53:10Z,"speedrun,video game music,neon pop punk,pixie,pop punk",0.498,0.598,4,-6.638,0,0.0377,0.00786,0,0.111,0.0573,140.078,4
79HSQP1xRWrj0lOYWpvANQ,"1ECKbPx4YhCU4SgKq8pfAc,47z7ZrgFoBvVpCnElCE3Zh,4aXUVIuNCDbLoRAYfuVDi1","No War (feat. Jesse Royal) - Yellow Claw Remix","No War (feat. Jesse Royal) [Yellow Claw Remix]","Noise Cans,Yellow Claw,Jesse Royal",2017-08-18,163200,0,spotify:user:222b6a7rurhvs6p4ficngkzzy,2020-09-17T16:46:08Z,"guyanese pop,dutch house,edm,electro house,pop dance,modern reggae",0.463,0.876,1,-4.448,0,0.0623,0.0485,0.0000553,0.315,0.285,149.917,4
1NKCqXjcYZ81Budit2CQMh,"60d24wfXkVzDSfLS6hyCjZ,6MzxeKydmXufvX7HYPknFW","Sun Is Never Going Down (feat. Dawn Golden)","Sun Is Never Going Down (feat. Dawn Golden)","Martin Garrix,Dawn Golden",2016-10-16,204418,45,spotify:user:222b6a7rurhvs6p4ficngkzzy,2020-09-17T19:26:59Z,"dutch edm,edm,pop,pop dance,progressive house,vapor pop",0.506,0.726,5,-5.964,0,0.0366,0.00308,0.0000805,0.266,0.266,128.044,4
5153LWKMJiMNIRCChGN4Ja,"6lB8vOoI4DRrrVxXwuV19c,7gAppWoH7pcYmphCVTXkzs,74KM79TiuVKeVCqs8QtB0B","Hands","Hands","Mike Perry,The Vamps,Sabrina Carpenter",2017-05-19,167195,0,spotify:user:222b6a7rurhvs6p4ficngkzzy,2020-09-17T19:29:51Z,"pop dance,swedish tropical house,boy band,pop",0.719,0.705,0,-5.057,0,0.0444,0.0175,0,0.348,0.599,100.03,4
1eeMYjuph7DQ1WOkMH7YA3,"7f5Zgnp2spUuuzKplmRkt7,5TgQ66WuWkoQ2xYxaSTnVP","Here with You","Here With You","Lost Frequencies,Netsky",2017-06-30,159023,36,spotify:user:222b6a7rurhvs6p4ficngkzzy,2020-09-17T19:31:15Z,"belgian edm,edm,pop dance,tropical house,dancefloor dnb,drum and bass",0.367,0.774,3,-6.877,0,0.124,0.00794,0.000125,0.173,0.0834,176.135,4
4b2tcjrG1qUkSdsqEFP2dB,"2XnBwblw31dfGnspMIwgWz,1xNmvlEiICkRlRGqlNFZ43,6hyMWrxGBsOx6sWcVj1DqP","Sun Is Shining","More Than You Know","Axwell /\ Ingrosso,Axwell,Sebastian Ingrosso",2017-07-28,254653,70,spotify:user:222b6a7rurhvs6p4ficngkzzy,2020-09-17T19:34:10Z,"edm,pop dance,dutch house,electro house,progressive electro house,progressive house",0.467,0.757,2,-3.01,1,0.0517,0.0866,0,0.0742,0.383,131.993,4
77NVa4RmFIPKVWwQhwAiT9,"6BrvowZBreEkXzJQMpL174,6WGE3kO8ULME2ErBcOksSR,5d1oOpLkM76Tgr2zWMTYkm","We Are Legends (Mix Cut)","Hardwell presents Revealed Volume 8","Hardwell,KAAZE,Jonathan Mendelsohn",2017-10-13,209854,0,spotify:user:222b6a7rurhvs6p4ficngkzzy,2020-09-17T19:35:35Z,"big room,dutch house,edm,electro house,pop dance,progressive electro house,progressive house,sky room",0.317,0.861,6,-2.391,0,0.0535,0.0183,0.000081,0.216,0.0617,128.072,4
3T3la6mcfhrTKS884NKeyC,"738wLrAtLtCtFOLvQBXOXp,0Y5tJX1MQlPlqiwlOH1tJY,4nDoRrQiYLoBzwC5BhVJzF,0VRj0yCOv2FXJNP47XQnx5","Know No Better (feat. Travis Scott, Camila Cabello & Quavo)","Major Lazer Essentials","Major Lazer,Travis Scott,Camila Cabello,Quavo",2018-10-19,225849,44,spotify:user:222b6a7rurhvs6p4ficngkzzy,2020-09-17T19:36:48Z,"dance pop,edm,electro house,moombahton,pop,pop dance,hip hop,rap,slap house,atl hip hop,melodic rap,trap",0.738,0.814,7,-4.414,0,0.0999,0.132,0.00000964,0.126,0.483,119.041,4
0RTzJVkunbGwuRjXDFHnjf,"2XnBwblw31dfGnspMIwgWz","Dreamer","More Than You Know","Axwell /\ Ingrosso",2017-07-28,251147,64,spotify:user:222b6a7rurhvs6p4ficngkzzy,2020-09-17T19:38:01Z,"edm,pop dance",0.627,0.847,10,-5.303,1,0.0352,0.0237,0,0.212,0.611,126.017,4
2yox08l4o0FnOL8Ih4yEfM,"6i1GVNJCyyssRwXmnaeEFH","Feel Good","Feel Good","Syn Cole",2016-02-27,181935,0,spotify:user:222b6a7rurhvs6p4ficngkzzy,2020-09-17T19:39:30Z,"deep tropical house,edm,pop dance,progressive electro house,tropical house",0.629,0.882,0,-3.458,0,0.0312,0.167,0.711,0.0693,0.324,123.973,4
4YhITuwINLCfXYB2WCXbCZ,"0LyfQWJT6nXafLPZqxe9Of","","","",0000,0,0,spotify:user:222b6a7rurhvs6p4ficngkzzy,2020-09-17T19:48:28Z,"",0.597,0.544,1,-8.868,0,0.062,0.00192,0.0562,0.07,0.263,105.014,4
6gCy2TjnSSNBhgvzkCojdk,"5Pb27ujIyYb33zBqVysBkj","No Place","Lost in My Mind","RÜFÜS DU SOL",2018-09-05,237986,25,spotify:user:222b6a7rurhvs6p4ficngkzzy,2020-09-30T21:39:13Z,"australian electropop,indietronica",0.612,0.876,4,-6.247,0,0.0315,0.0167,0.175,0.189,0.187,120.022,4
26rdOwwjC2UnweK3xeS58u,"0jnsk9HBra6NMjO2oANoPY,6d47Z08T4snK50HgTEHo5Z,27fy6rHPC58Eo2VUu0iJSG","GDFR (feat. Sage the Gemini & Lookas)","My House","Flo Rida,Sage The Gemini,Lookas",2015-04-07,190185,73,spotify:user:222b6a7rurhvs6p4ficngkzzy,2020-10-01T17:20:14Z,"dance pop,miami hip hop,pop,pop rap,hyphy,southern hip hop,trap,brostep,electro house,electronic trap",0.657,0.827,5,-4.036,1,0.0734,0.000704,0.00534,0.065,0.69,145.889,4
0Zx8khUcEfCFK2AEoIhC92,"2FwJwEswyIUAljqgjNSHgP,0bdfiayQAKewqEvaU6rXCv","Don't Leave","Don't Leave","Snakehips,MØ",2017-01-06,214693,64,spotify:user:222b6a7rurhvs6p4ficngkzzy,2020-10-14T02:11:02Z,"electropop,uk dance,dance pop,danish pop,pop dance",0.657,0.703,1,-3.402,1,0.0753,0.222,0,0.256,0.338,122.381,4
7jZHUhAmW5oq1cq6s8IxmK,"21mKp7DqtSNHhCAU2ugvUw,7kdIgG6b9e3DZVmroWzu9w","Sun Models","In Return","ODESZA,Madelyn Grant",2014-09-08,160000,68,spotify:user:222b6a7rurhvs6p4ficngkzzy,2020-10-21T18:11:03Z,"chillwave,edm,indietronica",0.683,0.481,8,-9.174,0,0.075,0.191,0.736,0.0907,0.47,120.001,4
5q8oybjZelukF4h0CzSUN9,"5he5w2lnU9x7JFhnwcekXX","Scary Monsters and Nice Sprites","Scary Monsters and Nice Sprites (Deluxe Tour Edition)","Skrillex",2010-12-21,243852,59,spotify:user:222b6a7rurhvs6p4ficngkzzy,2020-12-02T05:04:26Z,"brostep,complextro,edm,electro,pop dance",0.528,0.945,7,-3.386,0,0.0928,0.0034,0.505,0.115,0.308,139.987,4
0Yt32qygpvJO92RL7coWqM,"3OKg7YbOIatODzkRIbLJR4,7ddnIV2r4SLjuwyGlgLIWt","Monody - Radio Edit","Monody (Radio Edit)","TheFatRat,Laura Brehm",2016-11-25,252213,49,spotify:user:222b6a7rurhvs6p4ficngkzzy,2021-02-19T09:50:26Z,"speedrun,gaming edm,pop edm",0.548,0.724,1,-3.497,0,0.0402,0.114,0.000416,0.109,0.214,106.877,4
2vujPL9jOWisAKM4yCrTPL,"2kgvaYV2tbNyOonFI3YlfH,6g878dtAhjegRHVe5X0ALf","Horns (Arc North Remix)","Horns (Arc North Remix)","Arc North,Bryce Fox",2017-01-13,225897,0,spotify:user:222b6a7rurhvs6p4ficngkzzy,2021-06-18T00:38:52Z,"slap house,modern alternative rock,rebel blues",0.286,0.769,6,-4.609,0,0.126,0.0276,0,0.132,0.201,169.939,4
6juLaduD4STCUDWT0AYun4,"4gOc8TsQed9eqnqJct2c5v,2kRfqPViCqYdSGhYSM9R0Q,2AfmfGFbe0A0WsTYm0SDTx,6fs2or0cKLEM2xohWq8SoX,0tRFWXqKBBQcu5oFVOgVzX,4TqlcgMFDryY96KWcvrhTv,47mIJdHORyRerp4os813jD","MORE","MORE","K/DA,Madison Beer,(G)I-DLE,Lexie Liu,Jaira Burns,Seraphine,League of Legends",2020-10-28,217088,72,spotify:user:222b6a7rurhvs6p4ficngkzzy,2021-07-07T00:01:34Z,"k-pop girl group,pop,chinese electropop,alt z,speedrun,video game music",0.66,0.787,1,-4.592,0,0.032,0.00257,0,0.323,0.199,142.018,4
0SmWz8zFzTBlOJWsN7Mtxo,"4Ws2otunReOa6BbwxxpCt6,45ZLbt8AxiP1TFmixP5A04","Come Fly Away - Radio Edit","Come Fly Away","Benny Benassi,Channing",2008-10-06,207120,27,spotify:user:222b6a7rurhvs6p4ficngkzzy,2021-10-18T02:11:59Z,"edm,electro house,pop dance",0.564,0.832,9,-2.846,1,0.0342,0.0235,0.000294,0.159,0.193,129.957,4
22YE6RzxXp4XT9rAgQ4RS6,"5fL22gqogawtrDsvcNVyyC","All the Time (Eu Tenho Medo)","All the Time (Eu Tenho Medo)","Ralk",2021-03-12,189919,21,spotify:user:222b6a7rurhvs6p4ficngkzzy,2021-12-12T22:48:43Z,"brazilian edm",0.61,0.703,4,-7.664,0,0.0328,0.0255,0.000231,0.153,0.119,124.026,4
1mov8FlmSqQq8ShObxHGwL,"2C39AawdhkMK8qZF2KWd48","Evolution","Apricity","Syd Arthur",2016-10-21,241413,34,spotify:user:222b6a7rurhvs6p4ficngkzzy,2022-01-05T16:21:09Z,"kent indie",0.645,0.745,3,-8.594,0,0.0425,0.288,0.53,0.11,0.679,98.024,4
6lbhkPbkKj6jnPTt1FelVo,"2RMgYVDRYOGHlqqcushWNU","Bullet Train (feat. Joni Fatora)","Bullet Train (feat. Joni Fatora)","Stephen Swartz",2012-06-24,245538,63,spotify:user:222b6a7rurhvs6p4ficngkzzy,2022-01-08T01:32:32Z,"",0.546,0.703,8,-3.139,0,0.123,0.00797,0.000327,0.175,0.196,129.868,4
33NV32OifRzOpfl5tjZQNh,"6aTmUexSbRbZS83XVfCHcF","Resurrection","Resurrection","GANK",2019-10-10,143894,61,spotify:user:222b6a7rurhvs6p4ficngkzzy,2022-01-18T06:48:11Z,"",0.65,0.542,4,-9.941,0,0.103,0.0784,0.892,0.16,0.318,88,4
1I7JfiqLXlKJN3FRBBdcSz,"3exvMmrLV6o4R42YnG3Id6,1pYPWJEmCbWjcqnxw3qcyo","Game Over","Game Over","Egzod,EMM",2021-05-20,248166,0,spotify:user:222b6a7rurhvs6p4ficngkzzy,2022-04-03T11:03:18Z,"alt z,dark r&b",0.363,0.8,10,-5.204,0,0.0748,0.0116,0.0000155,0.126,0.448,180.072,4
1SQGx4GPml33ywGdNDMuBg,"1Cs0zKBU1kc0i8ypK3B9ai,2qSEpijpT3YSXgxcXac1ly,3r17AfJCCUqC9Lf0OAc73G,3sgFRtyBnxXD5ESfmbK4dl","Gettin' Over You (feat. Fergie & LMFAO)","One More Love","David Guetta,Chris Willis,Fergie,LMFAO",2010-11-22,188000,49,spotify:user:222b6a7rurhvs6p4ficngkzzy,2022-04-07T00:07:43Z,"big room,dance pop,edm,pop,pop dance,pop rap",0.615,0.913,10,-5.077,0,0.0816,0.178,0,0.0773,0.45,129.944,4
1l79DU2swqTxbmhD37bBcf,"13GH7wviJQ9gfZmr1pXHS4","Rain","Rain","Unprocessed",2021-09-17,179368,29,spotify:user:222b6a7rurhvs6p4ficngkzzy,2022-06-13T18:37:38Z,"djent",0.592,0.514,3,-10.198,0,0.0297,0.747,0.942,0.118,0.0902,94.991,4
1cxttvflVlYD4QA34tR5Yj,"0pCNk4D3E2xtszsm6hMsWr,4AGwPDdh1y8hochNzHy5HC","High Enough - RAC Remix","High Enough (RAC Remix)","K.Flay,RAC",2017-08-04,208866,67,spotify:user:222b6a7rurhvs6p4ficngkzzy,2022-06-28T12:14:05Z,"escape room,hip pop,modern alternative rock,indietronica,metropopolis,nu disco,shimmer pop",0.324,0.681,7,-4.697,1,0.0373,0.24,0.354,0.0783,0.294,132.993,3
4eDYMhIin1pSLIG96f1aD0,"1vCWHaC5f2uS3yhpwWbIA6","Addicted To You","True","Avicii",2013-01-01,148386,76,spotify:user:222b6a7rurhvs6p4ficngkzzy,2022-08-07T04:34:02Z,"dance pop,edm,pop,pop dance",0.569,0.785,1,-4.057,0,0.0457,0.0505,0.00000112,0.086,0.303,128.031,4
591nHHHzZl1NLt9PMKpinM,"1vCWHaC5f2uS3yhpwWbIA6,5ChF3i92IPZHduM7jN3dpg","I Could Be The One (Avicii Vs. Nicky Romero) - Radio Edit","I Could Be The One [Avicii vs Nicky Romero]","Avicii,Nicky Romero",2012-01-01,208320,64,spotify:user:222b6a7rurhvs6p4ficngkzzy,2022-08-14T10:12:09Z,"dance pop,edm,pop,pop dance,big room,dutch edm,dutch house,electro house,progressive electro house",0.509,0.79,6,-3.782,0,0.0374,0.332,0.0000667,0.316,0.638,127.946,4
7ElF5zxOwYP4qVSWVvse3W,"6MF9fzBmfXghAz953czmBC","Break Your Heart","The Rokstarr Hits Collection","Taio Cruz",2010-01-01,201546,73,spotify:user:222b6a7rurhvs6p4ficngkzzy,2022-08-14T10:31:59Z,"dance pop,pop,pop rap",0.607,0.934,3,-4.217,1,0.0314,0.0327,0,0.0909,0.568,122.01,4
4c0iBlCPyLs5luOY8NWCVd,"1bj5GrcLom5gZFF5t949Xl,4GLJPBj5Cdr9AgLKvLWM4n","Hello","Smash","Martin Solveig,Dragonette",2011,281589,51,spotify:user:222b6a7rurhvs6p4ficngkzzy,2022-08-14T10:54:45Z,"disco house,edm,electro house,filter house,house,pop dance,vocal house,canadian electropop,canadian pop,dance rock,electropop,metropopolis,neo-synthpop",0.668,0.938,3,-4.201,1,0.032,0.0252,0.0166,0.0429,0.473,127.987,4
2KdYwQDq2yZnDyHjmoGCZj,"64N1HzkQEXvjlJBQinWeu2","Play Me Like A Violin","Play Me Like A Violin","Stephen",2018-02-09,232176,55,spotify:user:222b6a7rurhvs6p4ficngkzzy,2022-09-12T16:04:44Z,"la pop",0.422,0.683,9,-5.467,1,0.184,0.658,0,0.122,0.608,160.024,4
4uUG5RXrOk84mYEfFvj3cK,"1Cs0zKBU1kc0i8ypK3B9ai,64M6ah0SkkRsnPGtGiRAbb","I'm Good (Blue)","I'm Good (Blue)","David Guetta,Bebe Rexha",2022-08-26,175238,92,spotify:user:222b6a7rurhvs6p4ficngkzzy,2022-09-16T19:43:32Z,"big room,dance pop,edm,pop,pop dance",0.561,0.965,7,-3.673,0,0.0343,0.00383,0.00000707,0.371,0.304,128.04,4
6Knv6wdA0luoMUuuoYi2i1,"0jnsk9HBra6NMjO2oANoPY","My House","My House","Flo Rida",2015-04-07,192190,78,spotify:user:222b6a7rurhvs6p4ficngkzzy,2022-10-20T16:22:05Z,"dance pop,miami hip hop,pop,pop rap",0.688,0.702,7,-4.792,0,0.0499,0.0215,0,0.128,0.74,94.006,4
5ff77CZZUpY8Gvu5GuA6vb,"5arKwJZEvT5uKq4o0JfqR4","HAUNTED","HAUNTED","Isabel LaRosa",2022-02-24,137851,68,spotify:user:222b6a7rurhvs6p4ficngkzzy,2022-10-20T20:14:29Z,"dark r&b,hyperpop,sped up",0.64,0.69,5,-6.637,0,0.207,0.0169,0.0000019,0.152,0.629,121.048,4
5iRVNYbhfWNO2VzBykX7GS,"3OKg7YbOIatODzkRIbLJR4","Xenogenesis","Xenogenesis","TheFatRat",2014-11-27,233379,64,spotify:user:222b6a7rurhvs6p4ficngkzzy,2022-11-27T00:00:28Z,"speedrun",0.544,0.608,10,-8.073,0,0.0287,0.0313,0.742,0.0925,0.088,145.049,4
7kUljt0NM5sISL3OGNVxYd,"3exvMmrLV6o4R42YnG3Id6,1HD6q5dxREv64GOc3H7vBs,38wxcfNEqMwuPniHvplin5","Royalty","Royalty","Egzod,Maestro Chives,Neoni",2021-04-22,223520,82,spotify:user:222b6a7rurhvs6p4ficngkzzy,2023-01-09T11:59:02Z,"dark r&b",0.388,0.855,4,-4.229,0,0.0644,0.0181,0.0000811,0.137,0.32,80.121,4
522ZZGGMkdjPo0Cj7marED,"2lMv8dtufbOPrrf5CPS7tS,5zId1SmYy46E9v2KQsSTFR,3SFVIUlipGj3RpWCKe9s73","Dead To Me (Ft. Lox Chatterbox)","Dead To Me (Ft. Lox Chatterbox)","Fraxo,Whales,Lox Chatterbox",2016-01-27,230282,60,spotify:user:222b6a7rurhvs6p4ficngkzzy,2023-01-13T18:42:31Z,"bass trap,dubstep,gaming edm,traprun",0.384,0.772,8,-4.358,0,0.311,0.114,0,0.102,0.239,73.735,4
6ce17pZwsMcYNab5IaC5MQ,"51V0E9ipJyIj7yFDkaLx96,0chxndMxE0AhAeYED1Ay9d","I'd Love To Change The World - Matstubs Remix","I'd Love To Change The World (Matstubs Remix)","Jetta,Matstubs",2015-12-18,189973,65,spotify:user:222b6a7rurhvs6p4ficngkzzy,2023-01-13T18:42:47Z,"metropopolis,bass trap",0.459,0.796,4,-5.226,0,0.132,0.0761,0.00908,0.0633,0.218,139.913,4
3QeEf7TMugwZkmn0hPmXio,"6L7a6wPGpvLtTwOsMLnF1z,2FmgW6Jee0JQKtb6EnBWCq","Harder State Of Mind","Harder State Of Mind","D-Block & S-te-Fan,DJ Isaac",2020-06-09,236800,61,spotify:user:222b6a7rurhvs6p4ficngkzzy,2023-02-18T23:48:12Z,"classic hardstyle,euphoric hardstyle,rawstyle,australian dance,gabber,happy hardcore",0.515,0.94,9,-2.452,0,0.0478,0.0044,0.0000106,0.23,0.284,150.051,4
5i7fZq3chLyCHo3VeB6goD,"5he5w2lnU9x7JFhnwcekXX","First of the Year (Equinox)","More Monsters and Sprites EP","Skrillex",2011-06-07,261517,66,spotify:user:222b6a7rurhvs6p4ficngkzzy,2023-02-20T01:22:50Z,"brostep,complextro,edm,electro,pop dance",0.429,0.948,5,-3.657,0,0.227,0.00711,0.0148,0.0812,0.55,115.785,3
6Bna8jsMoiOBZicaSKyLer,"1JHi3wMSHjY01RGrlo7lGh,3k1uRLC3RkQW13LI5LYaH8","A Girl Called Jazz","A Girl Called Jazz","Omido,Tobi Swizz",2020-08-22,232380,0,spotify:user:222b6a7rurhvs6p4ficngkzzy,2023-03-04T22:09:28Z,"dark r&b",0.611,0.538,0,-11.071,1,0.046,0.0384,0.00157,0.117,0.116,125.883,4
0GT2hQQ6mdHeW0AZDl5NlJ,"6AC7fqQQgNwXXpBa5bqyBr,6kpYdtbD0QinjBcwkxLPm3,3MyFDtqB80WZvbtCZRsekM","Gatluak - Bakermat Remix","Gatluak (Bakermat Remix)","Kronan,Nyaruach,Bakermat",2021-07-23,139383,71,spotify:user:222b6a7rurhvs6p4ficngkzzy,2023-03-30T20:50:39Z,"saxophone house,south sudanese pop,minimal tech house,tropical house",0.581,0.647,11,-7.335,0,0.0614,0.0778,0.0502,0.304,0.257,117.737,4
4YQPa47NDfRm61QrDWKazv,"6Tu0luJL7EoFv1RsHZP30p,0o6xglPZ7ZGNSIPBSwwau2,7AzjETXRUKNRSJHMW9GIqd","The Moments I'm Missing - RANJI vs WHITENO1SE","The Moments I'm Missing (RANJI vs WHITENO1SE)","Ranji,WHITENO1SE,Nina Nesbitt",2019-07-12,184347,57,spotify:user:222b6a7rurhvs6p4ficngkzzy,2023-07-12T12:46:51Z,"psychedelic trance,alt z,neo-singer-songwriter,uk pop",0.362,0.883,1,-5.918,1,0.0703,0.0216,0.00813,0.115,0.0385,103.407,3
4FaSg6ZYnYOZNAhlIJdndm,"5H3KwpWuO5LUilDEdc0t9W","Snow Crystal","Snow Crystal","Babalos",2018-02-11,331062,65,spotify:user:222b6a7rurhvs6p4ficngkzzy,2023-08-26T23:06:56Z,"progressive psytrance",0.476,0.968,0,-2.977,1,0.0667,0.00234,0.231,0.668,0.0759,184.992,4
